調査年,地域,X3,X4,X5,X6,X7,X8,X9,X2,Y,X1
2018年度,北海道,"5,293,000",57.7,31.3,"2,742","10,357,695","687,402","3,449,595",0.44864,0.9,39.5
2018年度,青森県,"1,268,000",56.6,32.6,"2,507","2,128,068","140,850","897,597",0.34804,-1.3,39.9
2018年度,岩手県,"1,240,000",56.2,32.5,"2,841","2,322,079","144,874","1,058,082",0.36255,1.6,46.7
2018年度,宮城県,"2,320,000",60.3,27.8,"2,945","4,727,710","263,651","1,827,727",0.62902,0.6,57.8
2018年度,秋田県,"985,000",53.6,36.4,"2,697","1,660,347","122,479","863,132",0.31248,-1.3,36.1
2018年度,山形県,"1,092,000",55.5,32.9,"2,897","2,047,957","197,174","912,838",0.36563,-0.1,40
2018年度,福島県,"1,869,000",57.5,30.9,"2,943","3,540,195","300,670","1,643,673",0.5446,0.4,50.1
2018年度,茨城県,"2,892,000",58.9,28.9,"3,327","6,101,099","503,465","2,968,745",0.64818,1.7,55.5
2018年度,栃木県,"1,953,000",59.6,28,"3,479","4,140,162","246,388","2,383,801",0.6511,0.3,54.4
2018年度,群馬県,"1,957,000",58.5,29.4,"3,283","4,072,296","375,184","1,961,142",0.64494,0.8,51.5
2018年度,埼玉県,"7,325,000",61.5,26.4,"3,047","16,892,405","1,275,068","4,165,269",0.76618,0.5,60.1
2018年度,千葉県,"6,273,000",60.5,27.5,"3,116","14,484,800","1,027,158","3,976,288",0.77656,1.3,65.7
2018年度,東京都,"13,887,000",65.7,23.1,"5,415","40,360,870","8,590,380","25,893,266",1.17884,1,96.3
2018年度,神奈川県,"9,197,000",62.8,25.1,"3,268","23,997,131","1,713,477","4,276,939",0.89998,1,72.3
2018年度,新潟県,"2,246,000",56.5,31.9,"2,916","4,510,870","374,044","1,663,228",0.46277,1.2,44.4
2018年度,富山県,"1,050,000",56.4,32,"3,398","2,264,185","226,293","1,079,218",0.47779,4.1,45.7
2018年度,石川県,"1,145,000",58.3,29.2,"3,023","2,477,213","201,610","777,311",0.50342,2.3,47.1
2018年度,福井県,"777,000",57,30.2,"3,280","1,779,521","125,531","633,427",0.41047,3.2,39.4
2018年度,山梨県,"821,000",57.8,30.3,"3,160","1,657,746","106,987","818,291",0.41833,3.5,44.2
2018年度,長野県,"2,073,000",56.1,31.5,"3,010","4,588,243","323,677","1,298,119",0.51832,2,45.3
2018年度,岐阜県,"2,001,000",57.5,29.8,"2,919","4,042,758","353,633","1,431,960",0.54901,2.6,46.3
2018年度,静岡県,"3,667,000",58,29.5,"3,432","8,148,353","826,394","3,582,149",0.7246,1.8,57
2018年度,愛知県,"7,541,000",61.8,24.9,"3,728","18,800,231","1,435,540","7,859,916",0.91723,1.6,70.2
2018年度,三重県,"1,793,000",58.2,29.4,"3,121","3,794,156","254,465","1,542,033",0.59404,1.6,49.7
2018年度,滋賀県,"1,414,000",60.3,25.7,"3,318","3,113,070","234,499","1,339,534",0.56535,0.9,47.8
2018年度,京都府,"2,598,000",59.4,28.9,"2,983","4,766,103","361,113","2,600,572",0.58357,-0.4,52.6
2018年度,大阪府,"8,838,000",60.6,27.5,"3,190","20,153,000","1,830,591","6,125,278",0.78763,0.6,67.2
2018年度,兵庫県,"5,501,000",58.8,28.8,"2,968","11,252,272","1,138,739","3,885,239",0.64172,-0.4,56.6
2018年度,奈良県,"1,341,000",57.2,30.9,"2,632","2,461,841","208,351","853,424",0.42758,1.7,41.4
2018年度,和歌山県,"940,000",55.6,32.7,"2,913","1,692,024","107,299","923,241",0.32835,3.7,38.2
2018年度,鳥取県,"562,000",55.8,31.6,"2,515","950,019","70,234","389,331",0.27719,0.6,30.7
2018年度,島根県,"682,000",53.7,34,"2,667","1,312,248","93,493","408,075",0.26024,2,34.1
2018年度,岡山県,"1,904,000",57.3,30.1,"2,769","3,885,018","254,323","1,116,991",0.52817,-0.1,48.8
2018年度,広島県,"2,824,000",58.1,29,"3,109","6,268,847","476,838","2,013,231",0.61429,-0.7,52.8
2018年度,山口県,"1,369,000",54.3,33.9,"3,199","2,693,415","197,191","1,492,750",0.4544,0.4,44.2
2018年度,徳島県,"736,000",55.7,33.1,"3,092","1,349,979","127,803","798,097",0.32641,1.2,47.1
2018年度,香川県,"963,000",56.1,31.5,"3,013","1,919,355","148,526","831,194",0.48957,0.4,50.1
2018年度,愛媛県,"1,357,000",55.4,32.6,"2,658","2,441,314","216,886","934,860",0.43852,-2.1,45.8
2018年度,高知県,"707,000",54.1,34.8,"2,644","1,205,895","118,459","542,513",0.27045,0.2,27.6
2018年度,福岡県,"5,131,000",59.2,27.6,"2,885","10,484,305","885,957","3,365,636",0.64581,1.1,54.3
2018年度,佐賀県,"821,000",56.6,29.7,"2,753","1,403,523","139,354","712,089",0.34647,6.3,38.5
2018年度,長崎県,"1,341,000",55.3,32,"2,629","2,517,500","181,461","825,715",0.33752,1.7,34.9
2018年度,熊本県,"1,759,000",56,30.6,"2,667","3,154,921","278,841","1,252,663",0.41148,-0.2,38.8
2018年度,大分県,"1,143,000",55.2,32.4,"2,714","2,089,042","158,895","855,370",0.38732,2.7,41.3
2018年度,宮崎県,"1,084,000",54.9,31.7,"2,468","1,800,482","79,225","787,086",0.34665,1,39.3
2018年度,鹿児島県,"1,614,000",55.3,31.4,"2,509","2,481,876","206,498","1,361,007",0.34665,-0.1,33
2018年度,沖縄県,"1,454,000",61.4,21.6,"2,391","2,363,179","235,179","862,715",0.35628,2,34.2
2017年度,北海道,"5,325,000",58.3,30.7,"2,694","10,072,856","611,422","3,650,500",0.44558,1.7,40.6
2017年度,青森県,"1,282,000",57.2,31.8,"2,509","2,116,820","126,383","964,858",0.34638,-1.9,40.9
2017年度,岩手県,"1,254,000",56.7,31.9,"2,776","2,301,263","136,144","1,046,293",0.36241,2.2,49.4
2017年度,宮城県,"2,326,000",60.8,27.2,"2,936","4,627,061","254,178","1,939,274",0.62784,0.8,58.4
2017年度,秋田県,"999,000",54.3,35.6,"2,703","1,639,763","113,746","937,769",0.31526,4,39.5
2017年度,山形県,"1,103,000",56,32.2,"2,875","2,019,136","184,446","963,403",0.36099,5.5,40.7
2017年度,福島県,"1,886,000",58.1,30.2,"2,946","3,522,744","317,622","1,704,192",0.54542,0.6,50.6
2017年度,茨城県,"2,902,000",59.4,28.3,"3,296","5,934,640","478,271","3,119,706",0.6449,5.7,55
2017年度,栃木県,"1,962,000",60.1,27.4,"3,478","4,192,128","237,640","2,376,515",0.65138,2.5,57.2
2017年度,群馬県,"1,963,000",58.7,28.9,"3,276","3,945,023","369,413","2,105,654",0.64895,2.8,51.6
2017年度,埼玉県,"7,307,000",61.7,26,"3,051","16,291,362","1,223,630","4,788,532",0.7661,3,59
2017年度,千葉県,"6,258,000",60.8,27.1,"3,092","14,212,421","990,651","4,110,385",0.77878,3.2,64.8
2017年度,東京都,"13,768,000",65.7,23,"5,384","39,245,671","7,639,659","27,009,194",1.16225,0.8,95.6
2017年度,神奈川県,"9,173,000",62.9,24.8,"3,207","22,747,655","1,816,252","4,806,885",0.90245,2.3,74
2017年度,新潟県,"2,267,000",57,31.3,"2,876","4,442,654","381,931","1,693,447",0.46103,1.7,44.4
2017年度,富山県,"1,056,000",56.6,31.6,"3,252","2,246,557","218,906","968,859",0.47764,2.3,46.2
2017年度,石川県,"1,148,000",58.5,28.8,"2,952","2,455,778","192,978","738,339",0.50201,1.3,44.6
2017年度,福井県,"780,000",57.3,29.8,"3,279","1,681,004","124,369","747,856",0.40661,4.3,40.3
2017年度,山梨県,"826,000",58.2,29.8,"3,044","1,576,839","101,182","827,919",0.41384,3.8,44.9
2017年度,長野県,"2,082,000",56.3,31.1,"2,938","4,457,664","316,963","1,323,892",0.51476,2.1,45.3
2017年度,岐阜県,"2,012,000",57.8,29.3,"2,844","4,001,914","355,107","1,354,819",0.54366,2.1,46.9
2017年度,静岡県,"3,681,000",58.3,29.1,"3,380","7,776,980","777,218","3,868,462",0.72822,1,57.8
2017年度,愛知県,"7,528,000",62,24.6,"3,695","18,366,202","1,329,289","8,105,595",0.92554,2.3,69.4
2017年度,三重県,"1,801,000",58.4,29,"3,096","3,741,951","245,407","1,584,721",0.59431,1.5,47.1
2017年度,滋賀県,"1,414,000",60.6,25.3,"3,349","3,101,978","227,077","1,400,932",0.56352,4.7,46.5
2017年度,京都府,"2,604,000",59.6,28.6,"2,993","4,712,466","370,084","2,696,912",0.58837,1.7,55.1
2017年度,大阪府,"8,841,000",60.7,27.2,"3,173","19,574,396","1,781,607","6,637,139",0.7776,3.1,68.3
2017年度,兵庫県,"5,515,000",59.1,28.3,"2,955","10,942,331","1,052,922","4,268,725",0.64078,1.8,59.4
2017年度,奈良県,"1,349,000",57.6,30.3,"2,587","2,497,709","215,388","773,395",0.42603,1.4,37.9
2017年度,和歌山県,"948,000",55.9,32.2,"2,799","1,673,490","113,912","857,035",0.3295,-4.5,38.9
2017年度,鳥取県,"566,000",56.3,31,"2,480","980,630","70,880","350,234",0.27262,3,31.3
2017年度,島根県,"687,000",54.1,33.6,"2,640","1,296,326","95,608","416,071",0.25957,-0.2,35.6
2017年度,岡山県,"1,911,000",57.5,29.7,"2,824","3,957,334","257,818","1,171,350",0.52709,2.5,51.9
2017年度,広島県,"2,833,000",58.4,28.6,"3,148","6,042,086","481,273","2,380,544",0.61476,0.4,54.7
2017年度,山口県,"1,382,000",54.7,33.4,"3,219","2,666,360","192,738","1,593,098",0.4525,3,44.5
2017年度,徳島県,"744,000",56.2,32.4,"3,066","1,362,933","120,731","795,392",0.33399,2.6,46.6
2017年度,香川県,"968,000",56.5,31.1,"3,010","1,894,003","143,126","874,435",0.48738,1.2,50
2017年度,愛媛県,"1,368,000",55.9,32.1,"2,710","2,507,751","219,009","969,266",0.4342,2.6,46.2
2017年度,高知県,"714,000",54.5,34.2,"2,627","1,215,967","123,211","535,809",0.26847,0.5,29.3
2017年度,福岡県,"5,123,000",59.7,27.1,"2,878","10,340,223","877,368","3,481,354",0.64281,2.1,54.7
2017年度,佐賀県,"825,000",57.1,29.2,"2,604","1,388,140","147,078","610,177",0.34776,2.1,38.3
2017年度,長崎県,"1,355,000",55.9,31.3,"2,577","2,483,129","182,067","824,582",0.33564,0.4,35.8
2017年度,熊本県,"1,767,000",56.5,30.1,"2,650","3,162,694","270,091","1,244,660",0.40699,3.2,42
2017年度,大分県,"1,152,000",55.8,31.8,"2,686","2,053,533","158,486","882,933",0.38297,3.5,40.5
2017年度,宮崎県,"1,091,000",55.5,31.1,"2,446","1,811,567","72,926","778,262",0.34331,1.5,38.5
2017年度,鹿児島県,"1,626,000",55.8,30.8,"2,511","2,465,618","194,095","1,423,040",0.34288,3.6,32.3
2017年度,沖縄県,"1,448,000",61.9,21,"2,347","2,337,150","219,904","829,633",0.34773,1.7,33.2
2016年度,北海道,"5,355,000",58.9,29.9,"2,615","9,788,117","592,478","3,616,530",0.43523,0,40
2016年度,青森県,"1,295,000",57.8,31,"2,570","2,098,218","126,073","1,100,344",0.34082,-0.1,40.5
2016年度,岩手県,"1,268,000",57.2,31.1,"2,684","2,260,597","140,843","1,001,624",0.35156,0,50.6
2016年度,宮城県,"2,332,000",61.3,26.4,"2,890","4,567,994","237,821","1,929,315",0.61443,0.7,56.9
2016年度,秋田県,"1,011,000",55,34.7,"2,560","1,600,746","113,494","870,417",0.30876,1.4,40.1
2016年度,山形県,"1,114,000",56.5,31.5,"2,699","1,969,358","180,769","853,823",0.35108,2.9,41.5
2016年度,福島県,"1,903,000",58.7,29.5,"2,902","3,533,932","298,738","1,684,126",0.53346,1.2,50.2
2016年度,茨城県,"2,910,000",60,27.6,"3,099","5,808,401","443,944","2,750,318",0.63726,0.6,55.1
2016年度,栃木県,"1,969,000",60.6,26.7,"3,369","4,155,115","231,730","2,237,478",0.63993,0.8,56
2016年度,群馬県,"1,969,000",59.1,28.3,"3,160","3,773,475","350,646","2,091,684",0.62459,0.5,54.2
2016年度,埼玉県,"7,288,000",62.1,25.5,"2,961","15,917,419","1,177,903","4,486,835",0.76593,0.7,58.7
2016年度,千葉県,"6,242,000",61.2,26.5,"2,993","13,811,096","910,595","3,942,381",0.77827,0.1,64.1
2016年度,東京都,"13,646,000",65.8,22.9,"5,400","38,344,680","7,550,535","27,677,777",1.10133,0.6,94.6
2016年度,神奈川県,"9,152,000",63.2,24.4,"3,173","22,283,931","1,666,549","5,068,233",0.90832,1.6,70.4
2016年度,新潟県,"2,286,000",57.5,30.6,"2,817","4,424,768","375,745","1,640,065",0.45107,0.6,43.6
2016年度,富山県,"1,061,000",56.9,31.1,"3,161","2,213,543","204,524","936,339",0.46651,-1.1,47.7
2016年度,石川県,"1,151,000",58.8,28.4,"2,890","2,415,348","178,901","731,952",0.48499,0.1,49.7
2016年度,福井県,"783,000",57.6,29.3,"3,150","1,666,183","120,484","677,865",0.39353,-1.8,39.3
2016年度,山梨県,"831,000",58.7,29.1,"2,866","1,571,221","102,547","703,891",0.39625,1.9,44.4
2016年度,長野県,"2,091,000",56.6,30.7,"2,848","4,377,968","313,071","1,256,394",0.4961,-0.1,45.8
2016年度,岐阜県,"2,024,000",58.2,28.8,"2,774","3,964,681","334,002","1,310,404",0.53444,1.1,46.8
2016年度,静岡県,"3,690,000",58.7,28.5,"3,322","7,486,447","748,741","4,015,029",0.71954,0.8,57.8
2016年度,愛知県,"7,509,000",62.2,24.3,"3,630","18,159,362","1,313,603","7,773,572",0.92079,-0.5,71.7
2016年度,三重県,"1,809,000",58.7,28.5,"3,046","3,619,774","236,341","1,652,127",0.58545,3,47.6
2016年度,滋賀県,"1,414,000",60.9,24.8,"3,201","3,064,186","210,004","1,247,833",0.54974,3.4,48
2016年度,京都府,"2,608,000",59.9,28.1,"2,939","4,587,340","349,438","2,719,536",0.58423,1,53
2016年度,大阪府,"8,841,000",60.9,26.8,"3,041","19,124,694","1,572,259","6,164,331",0.76505,-0.2,65.1
2016年度,兵庫県,"5,526,000",59.5,27.8,"2,883","10,668,064","976,454","4,268,510",0.63363,0.2,55.5
2016年度,奈良県,"1,357,000",58.2,29.6,"2,502","2,442,137","185,138","765,628",0.42074,2,37.9
2016年度,和歌山県,"956,000",56.4,31.6,"2,925","1,658,437","99,142","1,032,557",0.32692,4.6,38.5
2016年度,鳥取県,"570,000",56.8,30.4,"2,371","947,999","64,144","338,230",0.26553,1.6,31.7
2016年度,島根県,"691,000",54.5,33.1,"2,606","1,254,325","83,300","460,290",0.25199,0.9,36.1
2016年度,岡山県,"1,917,000",57.8,29.3,"2,723","3,827,615","239,797","1,146,530",0.51755,-1.8,50.1
2016年度,広島県,"2,840,000",58.7,28.2,"3,066","5,865,499","448,721","2,384,112",0.60157,0.8,53
2016年度,山口県,"1,394,000",55.2,32.8,"3,096","2,632,089","187,865","1,497,173",0.44031,6.3,43.3
2016年度,徳島県,"750,000",56.7,31.8,"2,951","1,337,048","114,419","762,183",0.32946,-0.9,46.9
2016年度,香川県,"973,000",56.9,30.6,"2,936","1,857,212","137,662","859,081",0.47572,1.6,50.3
2016年度,愛媛県,"1,377,000",56.4,31.4,"2,598","2,460,239","193,244","919,027",0.42524,1.9,45.5
2016年度,高知県,"721,000",55,33.6,"2,573","1,209,945","112,954","532,267",0.2582,1.1,28.9
2016年度,福岡県,"5,113,000",60.2,26.6,"2,793","10,006,532","815,685","3,434,873",0.63402,1.2,53.9
2016年度,佐賀県,"829,000",57.7,28.5,"2,529","1,374,819","145,511","574,510",0.34093,0.2,38.4
2016年度,長崎県,"1,367,000",56.7,30.5,"2,523","2,387,380","167,125","893,611",0.32607,2.4,35.5
2016年度,熊本県,"1,775,000",57.1,29.5,"2,533","3,050,392","230,691","1,213,429",0.39854,4.5,35.9
2016年度,大分県,"1,160,000",56.3,31.2,"2,585","2,021,350","159,178","817,890",0.37071,-1.7,38.9
2016年度,宮崎県,"1,097,000",56.2,30.3,"2,388","1,786,915","68,264","762,040",0.33278,1.9,39.7
2016年度,鹿児島県,"1,637,000",56.5,30.1,"2,398","2,442,660","186,199","1,297,573",0.33303,0.9,32.4
2016年度,沖縄県,"1,442,000",62.4,20.4,"2,313","2,246,633","228,829","853,880",0.33241,4.1,30.6
2015年度,北海道,"5,381,733",59.6,29.1,"2,608","9,642,747","610,419","3,781,524",0.41903,3,39.8
2015年度,青森県,"1,308,265",58.4,30.1,"2,536","2,081,095","122,734","1,114,431",0.3319,3.9,40.8
2015年度,岩手県,"1,279,594",57.8,30.4,"2,666","2,230,638","140,368","1,040,853",0.34116,2.5,51.6
2015年度,宮城県,"2,333,899",61.7,25.7,"2,915","4,532,649","266,657","2,004,280",0.59597,4.4,62.1
2015年度,秋田県,"1,023,119",55.7,33.8,"2,490","1,584,026","116,001","847,285",0.29862,1.5,41
2015年度,山形県,"1,123,891",57.1,30.8,"2,625","1,947,609","191,208","811,663",0.34237,3.6,41.6
2015年度,福島県,"1,914,039",59.2,28.7,"2,830","3,491,733","297,082","1,628,367",0.50947,1.4,54
2015年度,茨城県,"2,916,976",60.6,26.8,"3,072","5,619,001","462,659","2,880,639",0.63309,4.6,53.9
2015年度,栃木県,"1,974,255",61.3,25.9,"3,361","4,111,948","242,623","2,281,877",0.62166,6.9,58.1
2015年度,群馬県,"1,973,115",59.6,27.6,"3,144","3,702,026","371,237","2,129,697",0.60277,4.5,54
2015年度,埼玉県,"7,266,534",62.5,24.8,"2,938","15,565,943","1,196,959","4,583,801",0.76548,2.9,58.4
2015年度,千葉県,"6,222,666",61.7,25.9,"2,974","13,622,881","974,769","3,909,861",0.77694,2.6,63.1
2015年度,東京都,"13,515,271",65.9,22.7,"5,530","37,029,863","8,157,673","29,553,401",1.00321,2.7,91.9
2015年度,神奈川県,"9,126,214",63.5,23.9,"3,109","21,708,351","1,886,038","4,782,638",0.91745,4.6,70.3
2015年度,新潟県,"2,304,264",58.1,29.9,"2,768","4,413,103","386,108","1,578,288",0.43519,2.4,45
2015年度,富山県,"1,066,328",57.3,30.5,"3,231","2,197,891","220,909","1,026,083",0.45307,2.9,49.6
2015年度,石川県,"1,154,008",59.1,27.9,"2,870","2,419,351","184,028","708,220",0.46812,4,46.8
2015年度,福井県,"786,740",58.1,28.6,"3,202","1,666,219","132,014","720,821",0.3782,7.9,38.6
2015年度,山梨県,"834,930",59.2,28.4,"2,807","1,578,548","116,816","648,415",0.37876,4.6,45.4
2015年度,長野県,"2,098,804",57,30.1,"2,851","4,294,257","327,758","1,362,064",0.47586,4.5,46
2015年度,岐阜県,"2,031,903",58.7,28.1,"2,737","3,928,612","338,466","1,294,480",0.52358,2.7,46.3
2015年度,静岡県,"3,700,305",59.2,27.8,"3,299","7,415,879","788,388","4,003,988",0.70999,3,58.2
2015年度,愛知県,"7,483,128",62.4,23.8,"3,702","17,832,191","1,438,897","8,432,673",0.92052,2.9,70.6
2015年度,三重県,"1,815,865",59.1,27.9,"2,944","3,646,403","249,739","1,450,081",0.57544,3.2,47
2015年度,滋賀県,"1,412,916",61.3,24.2,"3,105","3,010,898","222,890","1,152,675",0.53932,3.8,47.1
2015年度,京都府,"2,610,353",60.2,27.5,"2,900","4,473,062","359,896","2,737,110",0.56713,5,53.4
2015年度,大阪府,"8,839,469",61.3,26.1,"3,076","18,737,078","1,757,984","6,693,034",0.7498,2.1,65.9
2015年度,兵庫県,"5,534,800",60,27.1,"2,852","10,517,298","1,028,602","4,240,322",0.62062,2.6,55.8
2015年度,奈良県,"1,364,316",58.8,28.7,"2,484","2,507,491","193,504","688,302",0.41269,0.9,38.6
2015年度,和歌山県,"963,579",57,30.9,"2,754","1,669,270","107,036","877,420",0.31955,-0.5,40.9
2015年度,鳥取県,"573,441",57.3,29.7,"2,334","936,212","68,977","333,174",0.25486,3.5,32.6
2015年度,島根県,"694,352",55,32.5,"2,592","1,221,029","90,251","488,520",0.2417,3.7,36.1
2015年度,岡山県,"1,921,525",58.2,28.7,"2,756","3,744,080","250,012","1,302,108",0.50096,5.3,50.9
2015年度,広島県,"2,843,990",59.1,27.5,"3,044","5,764,415","489,300","2,402,591",0.58581,4.4,51.4
2015年度,山口県,"1,404,729",55.7,32.1,"2,855","2,606,623","190,534","1,213,960",0.4256,-3.8,43.2
2015年度,徳島県,"755,733",57.4,31,"2,988","1,317,760","121,872","818,853",0.32018,0.9,48.4
2015年度,香川県,"976,263",57.3,29.9,"2,911","1,844,005","172,934","824,789",0.4606,1.9,49.6
2015年度,愛媛県,"1,385,262",57,30.6,"2,520","2,412,986","205,155","872,195",0.41181,3.7,45.2
2015年度,高知県,"728,276",55.5,32.8,"2,520","1,186,483","115,265","533,756",0.24472,2.1,29.1
2015年度,福岡県,"5,101,556",60.7,25.9,"2,760","9,927,781","827,346","3,324,482",0.61836,3.5,53.6
2015年度,佐賀県,"832,832",58.3,27.7,"2,539","1,374,752","149,179","590,407",0.32938,5,41.6
2015年度,長崎県,"1,377,187",57.4,29.6,"2,428","2,347,024","173,928","822,915",0.31562,8.3,35
2015年度,熊本県,"1,786,170",57.6,28.8,"2,424","3,016,457","261,433","1,051,709",0.38688,2.5,40.2
2015年度,大分県,"1,166,338",56.9,30.4,"2,607","1,987,933","145,571","907,196",0.35828,4,39.3
2015年度,宮崎県,"1,104,069",56.8,29.5,"2,318","1,775,932","71,645","711,553",0.32034,2.5,51.3
2015年度,鹿児島県,"1,648,177",57,29.4,"2,365","2,424,054","191,149","1,281,938",0.3214,3.9,33.7
2015年度,沖縄県,"1,433,566",62.9,19.6,"2,191","2,171,268","220,099","750,028",0.31535,6.7,29.6
2014年度,北海道,"5,410,000",60.4,28.1,"2,509","9,661,085","582,312","3,329,393",0.39798,1.9,38.9
2014年度,青森県,"1,323,000",59.3,29,"2,399","1,968,024","118,689","1,086,559",0.31666,1.7,39.6
2014年度,岩手県,"1,290,000",58.3,29.6,"2,586","2,204,646","131,394","999,653",0.31846,2.4,51.2
2014年度,宮城県,"2,335,000",62.6,24.6,"2,762","4,536,703","248,695","1,663,390",0.55892,4.7,61.2
2014年度,秋田県,"1,037,000",56.6,32.6,"2,405","1,577,505","106,144","809,606",0.28017,1,41.9
2014年度,山形県,"1,134,000",57.8,29.9,"2,495","1,929,489","179,116","720,841",0.32444,-1.2,41.1
2014年度,福島県,"1,927,000",59.8,27.8,"2,772","3,501,240","288,563","1,551,515",0.46882,2.9,53.2
2014年度,茨城県,"2,927,000",61.3,25.8,"2,872","5,492,570","441,279","2,470,656",0.61857,2.5,52
2014年度,栃木県,"1,980,000",61.9,25.1,"3,134","4,172,738","223,043","1,808,543",0.59446,0.3,55.7
2014年度,群馬県,"1,979,000",60.2,26.8,"2,991","3,622,308","362,501","1,936,588",0.57485,2.1,52.1
2014年度,埼玉県,"7,247,000",63.2,24,"2,849","15,377,580","1,145,981","4,125,983",0.75502,0.5,52.4
2014年度,千葉県,"6,209,000",62.1,25.3,"2,873","13,611,153","924,831","3,302,288",0.76447,0,60.3
2014年度,東京都,"13,399,000",66.2,22.5,"5,396","36,744,638","7,833,644","27,720,200",0.92532,0.5,90.4
2014年度,神奈川県,"9,103,000",64,23.2,"3,030","21,997,764","2,076,624","3,504,239",0.91658,-0.3,65.6
2014年度,新潟県,"2,320,000",58.8,29.1,"2,675","4,421,610","371,611","1,412,930",0.4131,-0.3,56.8
2014年度,富山県,"1,072,000",57.9,29.7,"3,107","2,181,493","213,391","935,376",0.43744,2,47
2014年度,石川県,"1,157,000",59.8,27.1,"2,744","2,360,457","185,989","628,238",0.44606,2.3,44.2
2014年度,福井県,"791,000",58.7,27.9,"2,975","1,640,508","129,616","582,256",0.36929,-3.1,36.5
2014年度,山梨県,"841,000",59.9,27.5,"2,641","1,552,513","118,385","550,562",0.37247,0.7,43.7
2014年度,長野県,"2,110,000",57.7,29.2,"2,688","4,248,040","314,618","1,109,680",0.45392,2.2,43.2
2014年度,岐阜県,"2,043,000",59.3,27.3,"2,662","3,874,751","334,098","1,229,510",0.50989,2,45.2
2014年度,静岡県,"3,715,000",59.9,26.9,"3,215","7,585,937","766,373","3,589,509",0.69084,-0.7,54
2014年度,愛知県,"7,464,000",62.9,23.2,"3,597","17,455,741","1,420,828","7,973,881",0.92083,1.8,66.7
2014年度,三重県,"1,826,000",59.7,27.1,"2,820","3,629,778","266,875","1,252,698",0.56076,-3.1,45.1
2014年度,滋賀県,"1,414,000",61.9,23.4,"2,988","2,906,607","212,292","1,107,399",0.52855,1.3,44.6
2014年度,京都府,"2,616,000",60.8,26.9,"2,762","4,470,082","391,098","2,364,044",0.55279,2.8,49.4
2014年度,大阪府,"8,845,000",61.6,25.7,"2,988","18,390,369","1,733,936","6,301,121",0.73756,1.9,63
2014年度,兵庫県,"5,550,000",60.4,26.3,"2,777","10,704,396","997,306","3,713,422",0.60401,2.4,54.3
2014年度,奈良県,"1,373,000",59.6,27.8,"2,446","2,526,484","196,094","634,989",0.40097,0.5,37.7
2014年度,和歌山県,"972,000",57.3,30.5,"2,738","1,656,779","125,901","879,552",0.30657,-2,39.6
2014年度,鳥取県,"577,000",57.9,29.1,"2,228","925,072","65,377","294,761",0.24297,0.7,31.9
2014年度,島根県,"699,000",55.6,31.8,"2,457","1,213,756","94,420","408,638",0.22864,1.9,34.7
2014年度,岡山県,"1,926,000",58.7,28.1,"2,562","3,731,443","244,198","959,988",0.48433,-0.3,48.2
2014年度,広島県,"2,846,000",59.5,27.1,"2,898","5,656,181","468,148","2,124,156",0.56622,5.7,46.7
2014年度,山口県,"1,415,000",56.3,31.3,"2,996","2,626,342","182,096","1,431,670",0.40867,1.9,42.7
2014年度,徳島県,"763,000",57.9,30.1,"2,895","1,359,313","113,285","734,904",0.29953,2.1,48
2014年度,香川県,"980,000",57.8,29.2,"2,813","1,834,502","144,193","778,655",0.44256,0.4,47.6
2014年度,愛媛県,"1,396,000",57.6,29.8,"2,437","2,364,806","209,638","827,492",0.39632,0.7,43.8
2014年度,高知県,"736,000",56.2,32.2,"2,430","1,163,147","107,776","516,718",0.23299,1.7,29.9
2014年度,福岡県,"5,099,000",61.4,25.1,"2,666","9,841,947","803,446","2,950,151",0.59582,1.2,50.9
2014年度,佐賀県,"837,000",58.8,27,"2,368","1,364,914","140,280","477,697",0.31223,1.5,37.6
2014年度,長崎県,"1,387,000",57.9,28.9,"2,223","2,334,239","189,915","559,789",0.30082,-1.6,35
2014年度,熊本県,"1,795,000",58.3,28.1,"2,347","2,926,957","252,022","1,033,874",0.369,0.9,39.6
2014年度,大分県,"1,173,000",57.6,29.6,"2,455","1,982,799","138,629","758,663",0.34272,2,37.8
2014年度,宮崎県,"1,112,000",57.6,28.6,"2,242","1,752,031","85,650","656,301",0.30427,1.9,39.1
2014年度,鹿児島県,"1,662,000",57.8,28.6,"2,275","2,448,027","205,098","1,127,870",0.30598,1.2,30.9
2014年度,沖縄県,"1,426,000",63.5,19,"2,057","2,085,186","214,061","632,805",0.29618,1.8,27.2
2013年度,北海道,"5,438,000",61.4,27,"2,465","9,331,255","485,857","3,586,148",0.38903,1.8,36.9
2013年度,青森県,"1,337,000",60.2,27.9,"2,378","1,982,055","102,254","1,094,772",0.30913,-1.7,36.7
2013年度,岩手県,"1,299,000",59,28.7,"2,558","2,159,416","116,401","1,045,754",0.30344,4,52.3
2013年度,宮城県,"2,333,000",63.4,23.8,"2,652","4,393,643","193,979","1,600,631",0.52562,3.3,61.3
2013年度,秋田県,"1,050,000",57.5,31.6,"2,384","1,559,078","92,318","852,039",0.27257,0.6,41.1
2013年度,山形県,"1,144,000",58.5,29.1,"2,551","1,903,141","154,499","859,785",0.31665,3.7,39.3
2013年度,福島県,"1,940,000",60.4,26.9,"2,708","3,368,384","266,478","1,618,519",0.4341,6.8,51.9
2013年度,茨城県,"2,937,000",62.1,24.8,"2,813","5,440,843","372,493","2,450,661",0.6069,-0.9,49.3
2013年度,栃木県,"1,986,000",62.7,24.2,"3,157","4,164,172","209,936","1,894,587",0.5736,6,53.4
2013年度,群馬県,"1,986,000",61,25.8,"2,960","3,541,943","316,295","2,021,557",0.56379,4.1,49
2013年度,埼玉県,"7,228,000",64.1,23,"2,854","15,274,974","936,986","4,418,648",0.74636,2,53.1
2013年度,千葉県,"6,201,000",63,24.3,"2,880","13,497,404","805,019","3,557,508",0.75485,5.5,59.4
2013年度,東京都,"13,307,000",66.8,21.9,"5,411","35,994,532","6,353,837","29,659,893",0.87052,1.4,88.6
2013年度,神奈川県,"9,084,000",64.7,22.4,"3,054","21,604,967","1,820,892","4,315,795",0.9134,0.5,65
2013年度,新潟県,"2,336,000",59.6,28.1,"2,707","4,412,890","331,939","1,578,496",0.39822,1.9,39.3
2013年度,富山県,"1,077,000",58.7,28.7,"3,070","2,144,000","186,432","977,841",0.42943,1.2,43.5
2013年度,石川県,"1,160,000",60.7,26.1,"2,709","2,236,952","151,343","755,121",0.43608,3.7,39.2
2013年度,福井県,"796,000",59.5,27,"3,070","1,593,524","116,835","731,894",0.3662,0.8,37
2013年度,山梨県,"847,000",60.7,26.5,"2,761","1,550,361","109,265","679,352",0.37267,1.9,41.3
2013年度,長野県,"2,122,000",58.4,28.3,"2,669","4,176,678","264,772","1,223,585",0.44393,1.3,41
2013年度,岐阜県,"2,053,000",60.1,26.3,"2,612","3,805,221","311,262","1,245,145",0.49879,-1.3,42.8
2013年度,静岡県,"3,730,000",60.7,26,"3,198","7,557,710","643,815","3,726,119",0.68362,2.3,52.3
2013年度,愛知県,"7,449,000",63.6,22.3,"3,581","17,170,263","1,216,191","8,285,845",0.92681,3.2,63
2013年度,三重県,"1,833,000",60.4,26.2,"2,944","3,616,547","271,142","1,510,894",0.55413,3.8,44.1
2013年度,滋賀県,"1,415,000",62.7,22.5,"2,977","2,880,772","176,663","1,155,386",0.52731,2.4,44.8
2013年度,京都府,"2,622,000",61.7,25.8,"2,691","4,251,567","300,465","2,503,400",0.54959,-0.2,48
2013年度,大阪府,"8,856,000",62.5,24.7,"2,975","18,016,461","1,562,195","6,769,238",0.72787,0.7,61.9
2013年度,兵庫県,"5,565,000",61.3,25.3,"2,749","10,681,299","879,948","3,736,084",0.59521,1.3,53.7
2013年度,奈良県,"1,381,000",60.6,26.7,"2,434","2,526,450","162,483","671,621",0.39671,1.2,34.1
2013年度,和歌山県,"980,000",58.2,29.4,"2,802","1,629,710","108,078","1,009,034",0.29912,0.4,36.7
2013年度,鳥取県,"580,000",58.7,28.2,"2,228","918,366","57,829","315,593",0.24074,1.4,29.7
2013年度,島根県,"704,000",56.4,30.9,"2,431","1,190,800","78,412","441,346",0.22401,0.9,33.4
2013年度,岡山県,"1,932,000",59.5,27.1,"2,641","3,662,367","217,628","1,221,541",0.47525,3.6,46.6
2013年度,広島県,"2,850,000",60.4,26.2,"2,756","5,474,650","424,602","1,955,722",0.5559,2,44.5
2013年度,山口県,"1,425,000",57.3,30.2,"2,943","2,581,553","168,144","1,443,694",0.39886,3.1,42.5
2013年度,徳島県,"769,000",58.8,29.1,"2,836","1,337,175","101,571","741,671",0.29367,4.1,45.3
2013年度,香川県,"985,000",58.8,28.1,"2,795","1,815,006","122,004","815,834",0.4326,-1.9,46.2
2013年度,愛媛県,"1,406,000",58.6,28.8,"2,403","2,336,086","179,870","861,717",0.38951,2.5,41.2
2013年度,高知県,"743,000",57.1,31.1,"2,391","1,152,901","90,618","533,535",0.22891,2.7,26
2013年度,福岡県,"5,096,000",62.4,24.2,"2,661","9,482,992","679,585","3,398,254",0.58133,1.2,49.2
2013年度,佐賀県,"841,000",59.6,26.1,"2,354","1,353,482","117,741","509,388",0.30663,2.3,35.8
2013年度,長崎県,"1,397,000",58.8,27.9,"2,255","2,306,735","147,218","697,086",0.29561,-0.6,34.6
2013年度,熊本県,"1,801,000",59.1,27.2,"2,349","2,857,196","224,881","1,149,589",0.36218,0.6,36
2013年度,大分県,"1,180,000",58.5,28.6,"2,400","1,955,813","118,750","756,927",0.33728,0.2,35.3
2013年度,宮崎県,"1,119,000",58.6,27.6,"2,248","1,691,937","75,965","747,375",0.29888,2.5,37.5
2013年度,鹿児島県,"1,675,000",58.6,27.8,"2,258","2,429,195","168,676","1,184,107",0.29847,2.2,29.1
2013年度,沖縄県,"1,419,000",64,18.4,"2,054","2,010,549","188,300","715,733",0.28855,3.5,25.8
2012年度,北海道,"5,465,000",62.2,26,"2,405","9,411,812","500,743","3,229,394",0.38241,-0.8,37.7
2012年度,青森県,"1,350,000",60.9,27,"2,374","1,924,734","108,149","1,172,347",0.30281,0.7,36
2012年度,岩手県,"1,306,000",59.6,27.9,"2,429","2,128,720","120,800","922,359",0.29038,4,48
2012年度,宮城県,"2,329,000",64.1,22.9,"2,584","4,353,433","202,447","1,461,975",0.50292,7.5,52.6
2012年度,秋田県,"1,063,000",58.2,30.7,"2,305","1,561,025","98,509","790,350",0.26648,-0.9,41
2012年度,山形県,"1,153,000",59.1,28.3,"2,425","1,915,106","147,910","733,352",0.30647,0.7,38.5
2012年度,福島県,"1,957,000",61.1,26.1,"2,481","3,388,693","249,121","1,217,169",0.41304,5.7,51.8
2012年度,茨城県,"2,947,000",63,23.8,"2,820","5,467,150","356,796","2,487,400",0.59309,-1.9,51
2012年度,栃木県,"1,992,000",63.6,23.2,"2,962","4,068,529","206,312","1,624,228",0.55096,-1.3,53.9
2012年度,群馬県,"1,994,000",61.7,24.9,"2,799","3,517,971","300,113","1,763,162",0.54867,0.5,52.9
2012年度,埼玉県,"7,216,000",65,22,"2,780","15,145,763","904,099","4,013,099",0.73265,-1.9,52.9
2012年度,千葉県,"6,200,000",64,23.2,"2,758","13,454,879","812,813","2,831,667",0.74513,-1.6,58.7
2012年度,東京都,"13,234,000",67.5,21.3,"5,232","35,704,965","6,148,778","27,391,979",0.86449,-0.5,86.1
2012年度,神奈川県,"9,070,000",65.5,21.5,"2,989","21,481,227","1,623,051","4,009,241",0.89979,-1.9,65.7
2012年度,新潟県,"2,350,000",60.3,27.2,"2,597","4,398,774","296,951","1,407,338",0.38531,-0.4,46.3
2012年度,富山県,"1,083,000",59.7,27.6,"2,990","2,092,979","185,345","961,067",0.42582,-1.4,43.5
2012年度,石川県,"1,164,000",61.6,25,"2,590","2,198,584","164,438","650,802",0.42919,1.3,42
2012年度,福井県,"800,000",60.3,26,"2,961","1,565,806","109,516","692,396",0.36264,-7.3,38.5
2012年度,山梨県,"852,000",61.4,25.6,"2,603","1,561,969","97,029","559,292",0.36243,-5,42.6
2012年度,長野県,"2,132,000",59.1,27.4,"2,577","4,083,431","258,513","1,152,931",0.43222,-2.7,41.3
2012年度,岐阜県,"2,062,000",61,25.2,"2,614","3,782,479","295,168","1,313,804",0.48486,-0.3,44.2
2012年度,静岡県,"3,739,000",61.6,24.9,"3,065","7,469,896","617,126","3,372,261",0.66723,-0.8,51.6
2012年度,愛知県,"7,431,000",64.4,21.4,"3,460","16,746,514","1,250,943","7,718,578",0.92574,4.8,62.6
2012年度,三重県,"1,841,000",61.3,25.3,"2,819","3,612,067","262,650","1,313,001",0.53762,2.6,41.8
2012年度,滋賀県,"1,414,000",63.5,21.6,"2,886","2,849,953","178,801","1,053,235",0.51501,-3.1,45.8
2012年度,京都府,"2,628,000",62.7,24.7,"2,675","4,242,429","305,932","2,482,377",0.55732,-0.9,48
2012年度,大阪府,"8,861,000",63.3,23.7,"2,913","18,192,108","1,501,601","6,118,467",0.71737,-1.3,62.3
2012年度,兵庫県,"5,575,000",62.2,24.3,"2,687","10,543,877","833,348","3,604,868",0.58398,0.8,55
2012年度,奈良県,"1,388,000",61.6,25.5,"2,372","2,519,601","150,411","622,126",0.39128,-0.7,34.9
2012年度,和歌山県,"988,000",59,28.4,"2,716","1,608,086","90,511","985,875",0.29682,-0.5,36.2
2012年度,鳥取県,"583,000",59.6,27.2,"2,154","921,019","54,759","280,243",0.244,-0.8,30
2012年度,島根県,"708,000",57.3,30,"2,373","1,179,489","72,123","428,670",0.22137,-2.6,34.3
2012年度,岡山県,"1,937,000",60.3,26.2,"2,518","3,587,056","218,571","1,072,336",0.47077,-3,46.2
2012年度,広島県,"2,855,000",61.3,25.3,"2,685","5,429,787","433,344","1,802,236",0.54627,-4.2,44.9
2012年度,山口県,"1,434,000",58.2,29.2,"2,812","2,581,172","154,604","1,297,390",0.39505,-1.5,43.4
2012年度,徳島県,"775,000",59.8,28,"2,688","1,347,545","101,922","633,332",0.28694,-1.5,42.9
2012年度,香川県,"989,000",59.7,27.1,"2,773","1,835,420","120,012","785,906",0.43059,-0.6,47
2012年度,愛媛県,"1,415,000",59.4,27.8,"2,315","2,337,916","169,863","767,734",0.38256,-7.6,42.1
2012年度,高知県,"751,000",58,30.1,"2,277","1,163,315","88,808","456,644",0.22833,-0.6,27.1
2012年度,福岡県,"5,089,000",63.2,23.3,"2,621","9,436,984","670,627","3,232,591",0.57224,-1.6,47.5
2012年度,佐賀県,"845,000",60.3,25.3,"2,294","1,338,042","120,430","479,343",0.30209,-2.5,36.3
2012年度,長崎県,"1,408,000",59.6,27,"2,252","2,344,877","146,830","680,332",0.2914,-1.5,33.2
2012年度,熊本県,"1,807,000",59.8,26.5,"2,288","2,849,057","211,228","1,074,158",0.35207,-0.6,37
2012年度,大分県,"1,186,000",59.5,27.6,"2,387","1,959,679","121,317","751,320",0.33356,-0.5,36.3
2012年度,宮崎県,"1,125,000",59.5,26.7,"2,148","1,685,614","70,946","660,675",0.29523,-0.4,36.5
2012年度,鹿児島県,"1,687,000",59.3,27,"2,181","2,458,042","181,144","1,039,002",0.28977,-2.8,28.5
2012年度,沖縄県,"1,411,000",64.6,17.7,"1,972","1,932,745","190,879","659,254",0.28249,0.4,28.5
2011年度,北海道,"5,488,000",63,25.2,"2,411","9,496,831","536,247","3,200,138",0.38271,-0.3,38.7
2011年度,青森県,"1,363,000",61.6,26.1,"2,350","1,949,379","118,213","1,135,435",0.30706,0.5,36.4
2011年度,岩手県,"1,315,000",60.2,27.3,"2,315","2,106,560","125,598","810,707",0.29558,0.7,33.6
2011年度,宮城県,"2,326,000",64.6,22.4,"2,416","4,219,612","192,445","1,209,020",0.50519,-2.6,36.9
2011年度,秋田県,"1,075,000",59,29.7,"2,306","1,564,286","107,703","806,427",0.27527,0.8,41
2011年度,山形県,"1,162,000",59.7,27.6,"2,407","1,950,103","152,061","695,339",0.3142,-1.8,39.2
2011年度,福島県,"1,988,000",61.6,25.2,"2,325","3,252,759","243,423","1,124,508",0.41819,-8.5,25.2
2011年度,茨城県,"2,960,000",63.8,22.9,"2,900","5,486,790","385,826","2,710,511",0.60344,3.7,47.5
2011年度,栃木県,"2,000,000",64.3,22.3,"3,005","4,030,061","224,363","1,756,270",0.55945,-1.7,52.4
2011年度,群馬県,"2,001,000",62.5,23.9,"2,759","3,559,448","295,757","1,666,587",0.55408,-0.3,53.7
2011年度,埼玉県,"7,209,000",65.9,20.9,"2,802","15,003,490","936,479","4,257,041",0.74039,2.8,53.1
2011年度,千葉県,"6,217,000",65.1,22,"2,772","13,460,758","783,776","2,989,096",0.75227,-0.6,58.7
2011年度,東京都,"13,198,000",68.1,20.6,"5,266","35,516,167","5,818,826","28,166,754",0.96085,2.4,84.2
2011年度,神奈川県,"9,060,000",66.3,20.6,"3,012","21,530,736","1,444,046","4,316,883",0.91292,0.9,63.8
2011年度,新潟県,"2,364,000",61,26.4,"2,569","4,367,555","299,751","1,406,959",0.38665,-0.1,41.3
2011年度,富山県,"1,088,000",60.8,26.4,"3,033","2,080,834","182,126","1,038,197",0.43635,0.7,45.5
2011年度,石川県,"1,167,000",62.6,23.9,"2,555","2,287,744","157,009","536,380",0.44541,-1.3,44.9
2011年度,福井県,"803,000",61,25.2,"3,170","1,569,754","110,036","866,568",0.37801,-1.7,38.4
2011年度,山梨県,"857,000",62,24.8,"2,688","1,562,851","93,081","648,471",0.3758,-0.3,43.7
2011年度,長野県,"2,142,000",59.7,26.7,"2,637","4,121,425","268,237","1,259,578",0.43749,0.4,42.2
2011年度,岐阜県,"2,071,000",61.8,24.3,"2,590","3,837,209","275,369","1,253,098",0.49305,0.4,45.1
2011年度,静岡県,"3,752,000",62.4,24.1,"3,093","7,379,067","599,184","3,623,965",0.67798,0.2,51.6
2011年度,愛知県,"7,418,000",65,20.6,"3,242","16,731,805","1,142,279","6,177,084",0.9344,3.3,63.3
2011年度,三重県,"1,847,000",62,24.4,"2,762","3,597,213","270,601","1,234,104",0.54604,-3.4,45.9
2011年度,滋賀県,"1,413,000",64.2,20.9,"2,978","2,872,411","182,227","1,154,148",0.53564,-1.9,46.2
2011年度,京都府,"2,633,000",63.6,23.7,"2,689","4,351,006","309,597","2,420,042",0.57038,1.1,51
2011年度,大阪府,"8,863,000",64.2,22.7,"2,953","18,264,375","1,519,109","6,391,618",0.71815,1.6,63.2
2011年度,兵庫県,"5,584,000",63.1,23.4,"2,620","10,410,790","752,208","3,467,119",0.58789,-1.2,56.5
2011年度,奈良県,"1,395,000",62.6,24.4,"2,385","2,534,578","150,739","641,317",0.40335,-3,38.7
2011年度,和歌山県,"995,000",59.8,27.5,"2,707","1,609,094","82,372","1,002,510",0.31466,1.9,39
2011年度,鳥取県,"586,000",60.3,26.4,"2,108","902,980","54,072","278,480",0.2572,-1.7,30.4
2011年度,島根県,"713,000",58.1,29.1,"2,408","1,204,600","74,409","437,835",0.22923,0.5,36.3
2011年度,岡山県,"1,941,000",61,25.4,"2,581","3,572,336","218,954","1,218,470",0.47999,3.5,46.9
2011年度,広島県,"2,858,000",62.2,24.3,"2,799","5,519,267","417,330","2,063,445",0.55396,2.6,45.5
2011年度,山口県,"1,444,000",59.1,28.2,"2,851","2,631,819","159,429","1,326,396",0.40584,-1.2,44.5
2011年度,徳島県,"780,000",60.6,27.1,"2,750","1,314,257","101,397","729,050",0.29351,0.3,42.8
2011年度,香川県,"992,000",60.7,26.1,"2,804","1,830,424","131,621","819,141",0.4455,3.9,46.6
2011年度,愛媛県,"1,424,000",60.2,26.9,"2,512","2,364,879","178,932","1,032,514",0.38813,4.7,42.9
2011年度,高知県,"758,000",58.9,29,"2,289","1,162,207","97,691","475,241",0.23277,0,29.1
2011年度,福岡県,"5,081,000",63.9,22.5,"2,674","9,625,505","702,318","3,262,039",0.57609,-0.5,48.7
2011年度,佐賀県,"847,000",60.9,24.7,"2,346","1,314,028","131,192","542,854",0.31442,-2.9,38.6
2011年度,長崎県,"1,418,000",60.3,26.2,"2,314","2,347,065","147,074","786,401",0.29417,-0.6,34
2011年度,熊本県,"1,813,000",60.5,25.8,"2,287","2,898,657","227,540","1,020,076",0.35605,1.5,38.9
2011年度,大分県,"1,192,000",60.2,26.8,"2,396","1,961,143","125,987","768,616",0.34049,-1.2,38
2011年度,宮崎県,"1,130,000",60.2,25.9,"2,147","1,694,868","65,400","666,505",0.30082,-0.3,37.9
2011年度,鹿児島県,"1,697,000",59.8,26.5,"2,229","2,495,271","182,838","1,104,723",0.28819,-0.6,29.5
2011年度,沖縄県,"1,402,000",65.1,17.3,"1,982","1,947,246","188,716","643,023",0.28668,0.9,29.9
2010年度,北海道,"5,506,419",63.3,24.7,"2,396","9,390,828","524,557","3,279,361",0.38763,-0.5,38.3
2010年度,青森県,"1,373,339",61.7,25.8,"2,284","1,931,884","121,070","1,084,006",0.31597,0.5,36.1
2010年度,岩手県,"1,330,147",60.1,27.2,"2,270","2,065,928","130,583","823,460",0.30555,-1.1,37.4
2010年度,宮城県,"2,348,165",64.4,22.3,"2,388","4,184,527","205,700","1,217,259",0.52186,0.8,50.4
2010年度,秋田県,"1,085,997",59,29.6,"2,258","1,575,460","107,532","769,084",0.28535,0.1,40.2
2010年度,山形県,"1,168,924",59.6,27.6,"2,417","1,952,291","152,816","720,136",0.32254,2,38.2
2010年度,福島県,"2,029,064",61.3,25,"2,432","3,334,405","249,130","1,352,009",0.44511,-1.6,42.5
2010年度,茨城県,"2,969,770",64,22.5,"2,790","5,525,462","387,174","2,374,252",0.63836,3.1,48.1
2010年度,栃木県,"2,007,683",64.4,22,"3,014","3,937,382","222,484","1,891,292",0.59471,1.4,52.1
2010年度,群馬県,"2,008,068",62.7,23.6,"2,759","3,564,768","291,827","1,683,293",0.57919,2.1,52.4
2010年度,埼玉県,"7,194,556",66.3,20.4,"2,715","15,084,748","929,977","3,519,139",0.75525,1.5,51.6
2010年度,千葉県,"6,216,289",65.4,21.5,"2,774","13,296,351","744,093","3,203,632",0.77398,-0.9,57.9
2010年度,東京都,"13,159,388",68.2,20.4,"5,131","35,275,303","6,190,071","26,050,262",1.1617,0.4,85.9
2010年度,神奈川県,"9,048,331",66.6,20.2,"3,007","21,582,391","1,482,104","4,141,419",0.93772,3.6,61.7
2010年度,新潟県,"2,374,450",61,26.3,"2,575","4,336,661","306,481","1,470,772",0.40404,0.6,40.2
2010年度,富山県,"1,093,247",60.8,26.2,"2,975","2,075,566","182,524","994,311",0.45902,5.3,43.3
2010年度,石川県,"1,169,788",62.6,23.7,"2,537","2,236,139","152,416","578,974",0.47197,-0.2,39
2010年度,福井県,"806,314",60.8,25.2,"3,189","1,564,110","111,005","896,309",0.40765,1.6,41.7
2010年度,山梨県,"863,075",61.9,24.6,"2,682","1,566,176","94,494","653,785",0.40244,6,41
2010年度,長野県,"2,152,449",59.7,26.5,"2,596","4,159,059","266,541","1,162,842",0.46074,1,41.5
2010年度,岐阜県,"2,080,773",61.9,24.1,"2,576","3,815,002","279,651","1,265,182",0.5214,0.4,44.2
2010年度,静岡県,"3,765,007",62.5,23.8,"3,049","7,341,392","598,701","3,540,932",0.71483,1.8,48.8
2010年度,愛知県,"7,410,719",65.2,20.3,"3,116","16,794,673","1,156,688","5,141,669",1.00383,-1.3,60.6
2010年度,三重県,"1,854,724",62,24.3,"2,873","3,596,745","289,807","1,442,016",0.57393,2.7,42.5
2010年度,滋賀県,"1,410,777",64.2,20.7,"3,032","2,812,234","192,103","1,273,346",0.57647,3.1,45
2010年度,京都府,"2,636,092",63.8,23.4,"2,659","4,354,718","319,114","2,336,448",0.60998,1,49.5
2010年度,大阪府,"8,865,245",64.4,22.4,"2,889","18,232,434","1,525,879","5,856,660",0.75983,0.8,70.5
2010年度,兵庫県,"5,588,133",63.3,23.1,"2,685","10,301,039","739,362","3,965,497",0.60571,4.6,56.7
2010年度,奈良県,"1,400,728",62.8,24,"2,419","2,572,096","144,645","672,089",0.41932,2,34.3
2010年度,和歌山県,"1,002,198",59.9,27.3,"2,633","1,594,167","80,709","963,766",0.32798,4.4,36.9
2010年度,鳥取県,"588,667",60.3,26.3,"2,103","896,456","55,875","285,884",0.26237,-4,29.1
2010年度,島根県,"717,397",58,29.1,"2,371","1,182,628","78,610","439,880",0.2363,0,34.5
2010年度,岡山県,"1,945,276",61.1,25.1,"2,430","3,526,856","210,402","989,937",0.51404,-0.9,45.3
2010年度,広島県,"2,860,750",62.4,23.9,"2,699","5,528,587","408,012","1,783,960",0.58404,-0.2,43.6
2010年度,山口県,"1,451,338",59.3,28,"2,837","2,590,401","163,258","1,363,453",0.4372,4.3,41.5
2010年度,徳島県,"785,491",60.6,27,"2,734","1,302,679","109,457","735,069",0.30401,3.1,40.9
2010年度,香川県,"995,842",60.7,25.8,"2,659","1,805,043","129,976","712,531",0.4674,-1.9,45.2
2010年度,愛媛県,"1,431,493",60.4,26.6,"2,364","2,285,066","180,093","918,890",0.40601,1.7,40.4
2010年度,高知県,"764,456",59,28.8,"2,238","1,153,939","100,073","456,768",0.23995,0.4,26.8
2010年度,福岡県,"5,071,968",64.1,22.3,"2,677","9,554,339","688,553","3,334,761",0.59674,1.9,47.3
2010年度,佐賀県,"849,788",60.8,24.6,"2,405","1,296,245","132,153","615,230",0.32403,4.2,36.8
2010年度,長崎県,"1,426,779",60.4,26,"2,312","2,307,494","152,380","838,133",0.29687,0.5,34.2
2010年度,熊本県,"1,817,426",60.5,25.6,"2,245","2,816,883","226,674","1,035,726",0.37039,1.9,33.4
2010年度,大分県,"1,196,529",60.3,26.6,"2,450","1,945,134","137,915","848,239",0.35288,6.2,36.8
2010年度,宮崎県,"1,135,233",60.2,25.8,"2,142","1,683,254","68,602","680,185",0.30522,0.4,28.9
2010年度,鹿児島県,"1,706,242",59.8,26.5,"2,209","2,500,728","192,833","1,075,114",0.29206,0.6,27.5
2010年度,沖縄県,"1,392,818",64.8,17.4,"1,976","1,917,723","184,312","650,281",0.28918,0.5,27.3
2009年度,北海道,"5,524,000",63.7,24.2,"2,385","9,582,306","552,926","3,036,993",0.39658,-1.3,37.4
2009年度,青森県,"1,383,000",62.5,24.9,"2,201","1,875,750","128,561","1,040,463",0.32684,-0.8,32.8
2009年度,岩手県,"1,340,000",60.6,26.8,"2,224","2,116,812","134,404","729,250",0.31361,-2.5,34.6
2009年度,宮城県,"2,348,000",64.5,22.1,"2,394","4,186,613","226,266","1,208,702",0.53843,-2.6,48
2009年度,秋田県,"1,097,000",59.9,28.9,"2,183","1,589,190","110,755","694,378",0.29369,-2.1,38.3
2009年度,山形県,"1,178,000",60.5,27,"2,329","1,966,232","153,118","624,336",0.33395,-4.2,35.1
2009年度,福島県,"2,041,000",61.5,24.7,"2,392","3,273,020","263,045","1,347,839",0.45975,-4.6,40.5
2009年度,茨城県,"2,970,000",64.6,22,"2,604","5,520,222","402,734","1,809,819",0.66783,-5.4,50.5
2009年度,栃木県,"2,011,000",64.7,21.7,"2,872","3,853,512","226,131","1,696,310",0.64623,-2.1,52.5
2009年度,群馬県,"2,014,000",63.3,23.1,"2,635","3,507,573","325,188","1,474,068",0.61138,-3.3,53.7
2009年度,埼玉県,"7,161,000",66.4,20,"2,665","15,137,284","924,125","3,025,032",0.77708,-2.9,53.7
2009年度,千葉県,"6,180,000",65.7,21,"2,761","13,691,098","826,285","2,547,299",0.79661,-2.3,57.3
2009年度,東京都,"13,048,000",67.3,20.9,"5,006","36,039,113","6,590,500","22,692,513",1.34069,-6,83.1
2009年度,神奈川県,"9,006,000",66.6,20,"2,848","20,213,382","1,496,112","3,941,933",0.96631,-8.4,62.7
2009年度,新潟県,"2,385,000",61.3,26.1,"2,503","4,406,515","327,079","1,236,133",0.42668,-2.4,40.8
2009年度,富山県,"1,098,000",61.3,26,"2,774","2,070,152","194,064","780,323",0.4816,-6.6,40.9
2009年度,石川県,"1,171,000",62.8,23.5,"2,538","2,290,061","177,912","502,322",0.4951,-6.2,39.5
2009年度,福井県,"810,000",61.1,24.8,"3,045","1,564,487","115,904","785,122",0.42858,-3.4,38.8
2009年度,山梨県,"867,000",62.2,24.3,"2,460","1,566,750","96,024","469,588",0.4335,-7.2,37.8
2009年度,長野県,"2,162,000",60.4,26.2,"2,515","4,247,925","283,225","907,234",0.4841,-3.7,39.4
2009年度,岐阜県,"2,091,000",62.6,23.6,"2,522","3,754,687","293,341","1,225,537",0.54865,-4.6,46.3
2009年度,静岡県,"3,783,000",63.3,23.3,"2,883","7,423,386","634,215","2,845,839",0.75568,-6.7,48.5
2009年度,愛知県,"7,411,000",65.5,19.8,"3,060","16,662,500","1,226,894","4,787,640",1.07379,-4.6,59.5
2009年度,三重県,"1,864,000",62.7,23.8,"2,651","3,505,671","304,383","1,131,953",0.61456,-4.7,40.3
2009年度,滋賀県,"1,409,000",64.8,20.2,"2,850","2,769,187","176,290","1,068,495",0.61679,-2.6,43.9
2009年度,京都府,"2,637,000",63.7,23.1,"2,592","4,498,391","365,016","1,970,827",0.63844,-4,50.1
2009年度,大阪府,"8,855,000",64.3,22,"2,841","18,552,529","1,693,111","4,909,414",0.80766,-4.8,63.6
2009年度,兵庫県,"5,591,000",63.4,22.8,"2,585","10,935,370","820,225","2,693,810",0.63227,-7.1,57.4
2009年度,奈良県,"1,404,000",63.3,23.5,"2,337","2,601,063","154,007","525,863",0.43615,-3.7,34.5
2009年度,和歌山県,"1,008,000",60.4,26.7,"2,421","1,573,481","87,140","779,195",0.34632,-6.3,35.2
2009年度,鳥取県,"592,000",61.2,25.9,"2,092","903,440","54,784","280,448",0.26835,-3.8,27.4
2009年度,島根県,"721,000",58.2,29,"2,312","1,164,836","85,308","417,162",0.24164,-0.7,33
2009年度,岡山県,"1,949,000",61.4,24.9,"2,400","3,582,423","229,339","865,495",0.54799,-4.5,44.6
2009年度,広島県,"2,864,000",62.7,23.7,"2,634","5,610,973","431,599","1,502,208",0.61931,-5.3,43.4
2009年度,山口県,"1,459,000",59.9,27.5,"2,619","2,619,088","172,216","1,029,702",0.46855,-4,40.3
2009年度,徳島県,"790,000",60.9,26.6,"2,565","1,321,337","109,326","595,387",0.31766,-1.7,38.4
2009年度,香川県,"999,000",61,25.4,"2,681","1,809,440","135,110","734,399",0.48693,-0.9,44.9
2009年度,愛媛県,"1,438,000",61,26.2,"2,277","2,286,670","191,440","796,549",0.42124,-1,38.2
2009年度,高知県,"769,000",59.5,28.4,"2,187","1,170,440","103,353","407,707",0.24781,-1.6,26.5
2009年度,福岡県,"5,064,000",64.1,22,"2,591","9,953,270","722,475","2,443,696",0.61949,0.1,46.4
2009年度,佐賀県,"853,000",61.5,24.3,"2,222","1,349,405","138,653","407,056",0.34073,-6.4,34.5
2009年度,長崎県,"1,434,000",61,25.7,"2,230","2,305,518","160,361","731,626",0.29986,0.4,33.6
2009年度,熊本県,"1,821,000",60.6,25.5,"2,147","2,758,747","232,064","919,173",0.38869,-2.2,34.1
2009年度,大分県,"1,200,000",60.4,26.4,"2,224","1,949,493","149,506","569,889",0.36921,-7.5,34.2
2009年度,宮崎県,"1,138,000",60.8,25.6,"2,083","1,756,480","77,575","535,171",0.3108,-1.5,35.4
2009年度,鹿児島県,"1,712,000",59.8,26.3,"2,140","2,505,322","198,848","959,963",0.30228,-3.1,25.5
2009年度,沖縄県,"1,385,000",64.8,17.5,"1,947","1,899,820","174,534","621,468",0.29755,0.3,27.7
2008年度,北海道,"5,548,000",64.2,23.6,"2,422","9,962,815","568,071","2,904,563",0.40141,-3.6,41.3
2008年度,青森県,"1,395,000",62.7,24.4,"2,208","1,948,747","137,603","995,069",0.32722,-6,36.9
2008年度,岩手県,"1,352,000",60.9,26.3,"2,251","2,251,254","139,422","652,953",0.31357,-5.1,37.6
2008年度,宮城県,"2,349,000",64.9,21.5,"2,477","4,212,374","257,930","1,350,185",0.54295,-4.2,53.3
2008年度,秋田県,"1,109,000",60,28.4,"2,187","1,654,499","118,424","651,329",0.2974,-6.5,37
2008年度,山形県,"1,188,000",60.6,26.6,"2,398","2,004,099","171,183","673,027",0.33743,-9.4,39.7
2008年度,福島県,"2,054,000",61.8,24.2,"2,491","3,469,161","282,040","1,365,189",0.46171,-5.5,47
2008年度,茨城県,"2,971,000",65,21.3,"2,840","5,930,795","444,055","2,062,487",0.67609,-3,59.6
2008年度,栃木県,"2,015,000",65.2,21.1,"3,002","4,007,895","252,532","1,789,259",0.6557,-6,61.4
2008年度,群馬県,"2,017,000",63.7,22.5,"2,763","3,827,583","348,311","1,396,791",0.61365,-3.5,62.5
2008年度,埼玉県,"7,136,000",67.2,19.1,"2,801","15,685,300","1,032,768","3,267,468",0.76926,-2.4,62.9
2008年度,千葉県,"6,153,000",66.5,20.1,"2,910","14,319,763","1,065,276","2,519,049",0.80058,-2.6,65.5
2008年度,東京都,"12,973,000",67.9,20.2,"5,464","37,641,126","7,173,055","26,074,099",1.40598,-1.4,91
2008年度,神奈川県,"8,965,000",67.3,19.2,"3,123","21,051,377","1,561,649","5,379,622",0.96267,-3.2,76.2
2008年度,新潟県,"2,396,000",61.6,25.5,"2,570","4,520,505","347,787","1,289,426",0.43743,-5,44.6
2008年度,富山県,"1,103,000",61.8,25.2,"2,983","2,256,406","206,572","827,261",0.48154,-5.7,46.2
2008年度,石川県,"1,172,000",63.3,22.9,"2,738","2,449,889","186,628","572,512",0.48366,-3.3,44.8
2008年度,福井県,"814,000",61.4,24.3,"3,161","1,600,568","125,828","845,676",0.4245,-4,41.2
2008年度,山梨県,"871,000",62.6,23.7,"2,628","1,639,330","99,423","549,083",0.43727,-3.5,45
2008年度,長野県,"2,173,000",60.8,25.5,"2,630","4,400,915","304,167","1,009,715",0.4856,-6.6,46.6
2008年度,岐阜県,"2,100,000",63.1,22.9,"2,681","3,906,348","332,052","1,391,357",0.54638,-4.5,51.6
2008年度,静岡県,"3,793,000",63.8,22.6,"3,154","8,047,185","731,297","3,184,378",0.76583,-4.7,60.9
2008年度,愛知県,"7,399,000",66.1,19.2,"3,321","17,597,045","1,336,414","5,640,761",1.0971,-11,73.9
2008年度,三重県,"1,871,000",63.1,23.1,"2,921","3,823,270","304,731","1,337,344",0.61825,-8.5,52.7
2008年度,滋賀県,"1,405,000",65.2,19.7,"2,986","2,913,405","188,507","1,091,971",0.60806,-3.1,53.1
2008年度,京都府,"2,640,000",64.4,22.4,"2,736","4,921,060","411,085","1,892,206",0.65084,-6,57.9
2008年度,大阪府,"8,847,000",65,21.2,"3,029","19,249,234","1,887,875","5,663,070",0.82541,-3.5,73.7
2008年度,兵庫県,"5,592,000",64,22.1,"2,787","10,998,955","912,549","3,675,277",0.63054,-2.1,60.7
2008年度,奈良県,"1,407,000",64,22.6,"2,496","2,722,402","164,769","625,650",0.4369,-4.2,40.8
2008年度,和歌山県,"1,014,000",60.8,26.1,"2,584","1,602,234","93,748","924,615",0.33764,-2.6,39.7
2008年度,鳥取県,"596,000",61.4,25.5,"2,170","942,364","59,540","292,158",0.26885,-4.3,31.1
2008年度,島根県,"727,000",58.5,28.6,"2,337","1,227,021","86,332","386,074",0.24228,-7.4,33.9
2008年度,岡山県,"1,953,000",61.9,24.3,"2,544","3,812,083","256,925","900,556",0.57053,-7.1,53.3
2008年度,広島県,"2,870,000",63.3,23,"2,854","5,975,339","491,269","1,723,016",0.62862,-7.9,53.3
2008年度,山口県,"1,466,000",60.3,26.9,"2,784","2,769,207","204,177","1,108,789",0.4795,-4.8,48.3
2008年度,徳島県,"795,000",61.3,26.1,"2,649","1,389,190","127,071","588,497",0.32895,-1.6,43
2008年度,香川県,"1,003,000",61.5,24.9,"2,697","1,931,269","149,920","623,491",0.48497,-4.6,51.8
2008年度,愛媛県,"1,445,000",61.4,25.6,"2,296","2,364,164","205,973","747,853",0.42239,-6.1,44.2
2008年度,高知県,"775,000",60,27.8,"2,204","1,211,074","113,917","383,260",0.25096,-3.4,28.5
2008年度,福岡県,"5,062,000",64.7,21.4,"2,620","10,357,315","783,087","2,123,120",0.62905,-3.8,53.8
2008年度,佐賀県,"856,000",61.6,23.9,"2,397","1,407,111","140,135","505,345",0.34136,-5,37.6
2008年度,長崎県,"1,443,000",61.2,25.2,"2,244","2,311,377","172,296","754,040",0.29637,-3.2,36.9
2008年度,熊本県,"1,826,000",61,25.1,"2,195","2,810,949","253,909","944,621",0.39524,-4.4,40.4
2008年度,大分県,"1,204,000",60.8,25.9,"2,460","1,988,013","159,600","815,351",0.37281,-1,39.5
2008年度,宮崎県,"1,141,000",61,25.2,"2,084","1,751,958","72,962","552,697",0.31222,-2.5,37.8
2008年度,鹿児島県,"1,721,000",60.1,26,"2,189","2,519,862","208,505","1,038,772",0.31231,-4.2,28.5
2008年度,沖縄県,"1,378,000",64.9,17.2,"1,933","1,857,344","180,891","625,239",0.30012,-1.8,29.6
2007年度,北海道,"5,579,000",64.8,22.9,"2,524","9,835,257","632,719","3,612,734",0.39377,-0.9,43.5
2007年度,青森県,"1,409,000",62.9,23.9,"2,381","1,954,537","155,767","1,245,189",0.31338,-0.8,38.4
2007年度,岩手県,"1,364,000",61.1,25.8,"2,370","2,284,691","154,907","793,354",0.30615,-0.8,38.8
2007年度,宮城県,"2,354,000",65.4,21,"2,606","4,231,677","292,864","1,608,216",0.53092,-2.4,54.5
2007年度,秋田県,"1,121,000",60.2,28,"2,350","1,713,855","129,028","791,742",0.28951,-2.4,40.2
2007年度,山形県,"1,198,000",60.6,26.3,"2,654","2,021,445","188,091","970,003",0.33451,1.7,41.5
2007年度,福島県,"2,067,000",62.1,23.7,"2,700","3,563,645","300,704","1,717,381",0.44035,-2.2,48.2
2007年度,茨城県,"2,973,000",65.5,20.7,"2,961","5,899,417","472,391","2,432,162",0.64201,3.8,62.2
2007年度,栃木県,"2,016,000",65.6,20.5,"3,231","4,031,616","282,518","2,199,445",0.63353,1.2,63.5
2007年度,群馬県,"2,020,000",64.1,21.9,"2,917","3,904,563","376,604","1,609,868",0.58668,2.4,66.3
2007年度,埼玉県,"7,106,000",68,18.3,"2,921","15,555,340","1,237,543","3,966,682",0.73732,0.3,66.4
2007年度,千葉県,"6,119,000",67.3,19.3,"3,043","13,981,407","1,124,559","3,511,988",0.75501,2.3,68.1
2007年度,東京都,"12,848,000",68.6,19.7,"5,871","36,309,020","8,039,703","31,086,967",1.31941,0.4,95.2
2007年度,神奈川県,"8,912,000",68,18.5,"3,279","21,062,640","1,852,836","6,301,912",0.92084,2.3,79.2
2007年度,新潟県,"2,408,000",61.9,25,"2,727","4,612,378","407,627","1,547,313",0.42657,-0.1,42.2
2007年度,富山県,"1,107,000",62.3,24.6,"3,226","2,284,794","239,843","1,045,880",0.45371,0.6,49.1
2007年度,石川県,"1,173,000",63.8,22.3,"2,883","2,460,799","218,862","701,993",0.45499,0.7,40.4
2007年度,福井県,"817,000",61.9,23.7,"3,352","1,599,294","148,017","990,918",0.40146,0.8,40.5
2007年度,山梨県,"877,000",62.9,23.1,"2,820","1,675,175","119,958","677,699",0.42034,-0.4,47.7
2007年度,長野県,"2,182,000",61.1,25,"2,804","4,478,522","349,029","1,291,197",0.46057,0.6,49.2
2007年度,岐阜県,"2,104,000",63.5,22.3,"2,829","3,974,693","397,322","1,580,146",0.51345,0,54.3
2007年度,静岡県,"3,796,000",64.3,22,"3,423","8,004,884","794,134","4,194,431",0.72867,0.8,64.5
2007年度,愛知県,"7,357,000",66.7,18.6,"3,861","17,774,761","1,525,004","9,103,538",1.01646,2.5,79.8
2007年度,三重県,"1,873,000",63.5,22.6,"3,267","3,818,974","350,689","1,949,787",0.58579,2.3,57
2007年度,滋賀県,"1,398,000",65.7,19.2,"3,180","2,958,366","210,522","1,276,379",0.55959,1.7,57.1
2007年度,京都府,"2,643,000",65.1,21.7,"2,950","4,991,478","446,525","2,359,353",0.59363,4.9,60.5
2007年度,大阪府,"8,839,000",65.7,20.5,"3,239","18,902,320","2,203,386","7,526,784",0.79033,0.1,76.3
2007年度,兵庫県,"5,593,000",64.6,21.4,"2,880","11,016,982","1,062,932","4,029,594",0.59053,-0.2,62.6
2007年度,奈良県,"1,413,000",64.6,21.8,"2,682","2,830,413","188,410","769,013",0.42208,0.2,43.5
2007年度,和歌山県,"1,021,000",61.2,25.5,"2,733","1,609,709","118,303","1,062,052",0.32899,-1.4,40.7
2007年度,鳥取県,"601,000",61.6,25.1,"2,291","963,748","70,010","342,191",0.26942,-4.6,33.5
2007年度,島根県,"733,000",58.9,28.2,"2,523","1,225,978","102,097","519,791",0.23663,1.4,35.8
2007年度,岡山県,"1,956,000",62.4,23.7,"2,793","3,817,022","287,157","1,359,769",0.53516,-1.6,55.4
2007年度,広島県,"2,874,000",63.8,22.4,"3,166","6,077,741","576,449","2,444,827",0.59064,4.1,54.2
2007年度,山口県,"1,476,000",60.8,26.4,"2,932","2,811,651","256,956","1,258,394",0.45363,1.2,50.9
2007年度,徳島県,"800,000",61.7,25.5,"2,726","1,393,974","152,526","634,927",0.3291,-0.9,46.2
2007年度,香川県,"1,006,000",61.9,24.4,"2,875","1,950,391","171,694","770,179",0.46077,1.3,52.1
2007年度,愛媛県,"1,453,000",61.6,25.2,"2,464","2,382,678","233,159","964,544",0.40043,-1.8,46.8
2007年度,高知県,"783,000",60.3,27.2,"2,322","1,243,372","128,717","445,174",0.24476,-1,30.3
2007年度,福岡県,"5,061,000",65.1,21,"2,772","10,075,136","929,751","3,024,542",0.61117,2.1,56.5
2007年度,佐賀県,"860,000",61.8,23.6,"2,557","1,444,736","144,433","608,837",0.33521,2.9,37.3
2007年度,長崎県,"1,455,000",61.3,24.8,"2,330","2,360,975","197,557","832,039",0.28752,0.7,36
2007年度,熊本県,"1,832,000",61.3,24.7,"2,325","2,778,764","306,883","1,173,047",0.38741,1.4,41.9
2007年度,大分県,"1,206,000",61.2,25.4,"2,548","1,979,118","182,938","909,826",0.35946,0.2,41.5
2007年度,宮崎県,"1,146,000",61.2,24.7,"2,196","1,796,900","84,478","635,007",0.30615,-0.6,37.9
2007年度,鹿児島県,"1,733,000",60.3,25.7,"2,312","2,492,672","232,420","1,281,614",0.30831,1.1,30.3
2007年度,沖縄県,"1,374,000",65,16.9,"2,004","1,807,298","189,408","757,899",0.29958,-0.1,31.1