,,,L1,L2,L3,L4,L5,L6(?),L7,L8,L9,L10,L10A,L10B,L11
??????,???,?,??????????(?????),????????????(?????),?????(???),??????(???),?????????,???????,??????(42?),???????(M2)(?????),??????,??????(???),????????(???),????(10?)????????,??????????DI
Time (Monthly) Code,Calendar year,Month,Index of Producer's Inventory Ratio of Finished Goods (Final Demand Goods) (Inverted),Index of Producer's Inventory Ratio of Finished Goods (Producer Goods for Mining and Manufacturing) (Inverted),New Job Offers (Excluding New School Graduates),Machinery Orders at Constant Prices (Manufacturing),Total Floor Area of New Housing Construction Started,Consumer Confidence Index,Nikkei Commodity Price Index (42 Items),Money Stock (M2) (Change from Previous Year),Stock Prices (TOPIX),Index of Investment Climate (Manufacturing),Ratio of Operating Profits to Total Assets (Manufacturing),Newly Issued Government Bonds Yield (10 Years),Sales Forecast DI of Small Businesses
,,,(??2?=100),(??2?=100),(?),(???),(???????),,(1970?=100),(%),,,(%),(%),
,,,2020=100,2020=100,persons,million yen,thousand square meters,,1970=100,percent change,,,ratio,percent per year,
1975000101,1975,1,97.3 ,91.5 ,349651 ,200216 ,7284 ,34.8 ,144.019 ,11.9 ,276.09 ,-5.61 ,5.44 ,11.05 ,-13.6 
1975000202,1975,2,94.2 ,89.7 ,368410 ,169117 ,8437 ,37.1 ,145.044 ,11.9 ,299.81 ,-4.56 ,4.71 ,9.27 ,-20.7 
1975000303,1975,3,90.4 ,87.5 ,388872 ,174944 ,9135 ,39.3 ,146.654 ,12.3 ,313.50 ,-5.75 ,3.99 ,9.74 ,-14.9 
1975000404,1975,4,81.3 ,85.1 ,344599 ,133260 ,9063 ,39.4 ,148.386 ,12.8 ,320.57 ,-5.48 ,4.12 ,9.60 ,2.7 
1975000505,1975,5,84.2 ,83.3 ,321790 ,168174 ,9211 ,39.4 ,146.378 ,12.6 ,329.65 ,-4.98 ,4.23 ,9.21 ,14.4 
1975000606,1975,6,84.2 ,81.4 ,319191 ,141010 ,9208 ,39.5 ,146.650 ,12.4 ,327.74 ,-4.77 ,4.34 ,9.11 ,17.0 
1975000707,1975,7,83.8 ,78.6 ,319859 ,137706 ,9488 ,39.1 ,147.940 ,13.1 ,323.47 ,-5.00 ,4.50 ,9.50 ,14.7 
1975000808,1975,8,85.5 ,78.9 ,322438 ,149951 ,9559 ,38.6 ,147.262 ,13.5 ,309.81 ,-4.84 ,4.67 ,9.51 ,7.5 
1975000909,1975,9,83.2 ,77.9 ,327684 ,167402 ,9333 ,38.2 ,146.229 ,13.8 ,299.07 ,-4.77 ,4.83 ,9.60 ,10.8 
1975001010,1975,10,82.3 ,77.4 ,315388 ,147077 ,9718 ,38.8 ,146.012 ,14.3 ,308.57 ,-4.64 ,4.99 ,9.63 ,12.4 
1975001111,1975,11,81.7 ,78.3 ,320757 ,124255 ,9313 ,39.3 ,145.288 ,13.9 ,315.79 ,-4.46 ,5.15 ,9.61 ,13.9 
1975001212,1975,12,77.9 ,74.9 ,329985 ,147464 ,12283 ,39.9 ,147.669 ,14.5 ,315.91 ,-4.05 ,5.31 ,9.36 ,12.3 
1976000101,1976,1,79.0 ,74.2 ,340397 ,138684 ,11424 ,39.7 ,150.926 ,15.0 ,337.33 ,-3.34 ,5.46 ,8.80 ,20.8 
1976000202,1976,2,77.8 ,72.4 ,343886 ,158087 ,10682 ,39.6 ,154.923 ,15.3 ,336.89 ,-3.11 ,5.58 ,8.69 ,27.1 
1976000303,1976,3,75.8 ,71.1 ,346122 ,148636 ,9598 ,39.4 ,158.244 ,15.7 ,341.60 ,-3.11 ,5.71 ,8.82 ,25.8 
1976000404,1976,4,77.1 ,70.1 ,353492 ,157442 ,9807 ,39.5 ,161.449 ,15.2 ,334.41 ,-3.14 ,5.82 ,8.96 ,26.3 
1976000505,1976,5,77.1 ,70.7 ,359884 ,167859 ,10480 ,39.7 ,163.350 ,15.5 ,341.17 ,-3.15 ,5.96 ,9.11 ,26.8 
1976000606,1976,6,76.8 ,68.5 ,361157 ,150562 ,10890 ,39.8 ,165.637 ,16.2 ,352.54 ,-3.08 ,6.11 ,9.19 ,25.8 
1976000707,1976,7,75.8 ,68.5 ,352245 ,162320 ,10966 ,39.6 ,168.366 ,15.5 ,351.37 ,-2.84 ,6.25 ,9.09 ,40.1 
1976000808,1976,8,76.6 ,67.8 ,345020 ,152942 ,10293 ,39.5 ,168.056 ,15.2 ,355.16 ,-2.59 ,6.36 ,8.95 ,29.6 
1976000909,1976,9,77.5 ,68.6 ,334964 ,148588 ,9822 ,39.3 ,165.743 ,15.0 ,354.88 ,-2.55 ,6.46 ,9.01 ,26.6 
1976001010,1976,10,79.4 ,68.4 ,336936 ,159674 ,10049 ,39.0 ,162.959 ,14.9 ,351.59 ,-2.78 ,6.31 ,9.09 ,21.1 
1976001111,1976,11,77.0 ,68.8 ,342050 ,168790 ,10118 ,38.7 ,161.846 ,14.3 ,346.93 ,-2.99 ,6.18 ,9.17 ,15.8 
1976001212,1976,12,79.6 ,71.0 ,337657 ,148099 ,11679 ,38.4 ,161.052 ,13.8 ,364.87 ,-2.84 ,6.04 ,8.88 ,13.6 
1977000101,1977,1,76.2 ,70.3 ,327540 ,161762 ,12517 ,38.4 ,163.326 ,13.1 ,379.53 ,-2.54 ,6.05 ,8.59 ,13.3 
1977000202,1977,2,76.2 ,72.0 ,317156 ,151620 ,10514 ,38.5 ,161.984 ,12.4 ,380.55 ,-2.45 ,6.05 ,8.50 ,14.0 
1977000303,1977,3,74.8 ,72.7 ,321162 ,157252 ,9385 ,38.5 ,160.808 ,12.2 ,376.92 ,-2.26 ,6.06 ,8.32 ,9.4 
1977000404,1977,4,78.3 ,74.5 ,314954 ,143788 ,10709 ,38.6 ,163.124 ,11.5 ,374.55 ,-1.89 ,5.94 ,7.83 ,12.1 
1977000505,1977,5,78.6 ,75.6 ,302827 ,141283 ,10574 ,38.7 ,161.858 ,11.2 ,378.90 ,-1.77 ,5.84 ,7.61 ,12.4 
1977000606,1977,6,79.1 ,76.5 ,294569 ,147539 ,9334 ,38.8 ,158.940 ,11.0 ,376.04 ,-1.74 ,5.73 ,7.47 ,8.9 
1977000707,1977,7,79.1 ,77.3 ,297085 ,137570 ,9566 ,39.2 ,156.793 ,11.2 ,375.06 ,-1.17 ,5.64 ,6.81 ,6.5 
1977000808,1977,8,77.9 ,75.5 ,301167 ,141288 ,11416 ,39.5 ,155.910 ,10.9 ,380.99 ,-1.37 ,5.55 ,6.92 ,8.2 
1977000909,1977,9,75.6 ,76.1 ,304290 ,152923 ,10643 ,39.9 ,156.085 ,11.3 ,387.65 ,-1.50 ,5.46 ,6.96 ,11.3 
1977001010,1977,10,75.4 ,76.6 ,309291 ,135502 ,10362 ,40.0 ,154.977 ,10.6 ,380.98 ,-1.42 ,5.52 ,6.94 ,18.0 
1977001111,1977,11,75.7 ,75.4 ,306341 ,143321 ,11682 ,40.1 ,151.840 ,10.8 ,367.20 ,-1.19 ,5.58 ,6.77 ,14.1 
1977001212,1977,12,75.1 ,74.4 ,298065 ,141992 ,11254 ,40.2 ,151.776 ,10.7 ,362.68 ,-0.94 ,5.64 ,6.58 ,10.2 
1978000101,1978,1,74.4 ,73.4 ,301406 ,146428 ,12302 ,40.4 ,151.429 ,10.6 ,374.29 ,-0.94 ,5.57 ,6.51 ,13.5 
1978000202,1978,2,74.2 ,73.9 ,317612 ,152681 ,12595 ,40.7 ,152.799 ,10.7 ,384.47 ,-1.08 ,5.51 ,6.59 ,9.7 
1978000303,1978,3,70.8 ,72.6 ,333841 ,164020 ,11852 ,40.9 ,152.312 ,11.1 ,397.03 ,-1.19 ,5.45 ,6.64 ,16.9 
1978000404,1978,4,72.7 ,71.5 ,327708 ,133469 ,10277 ,41.2 ,151.558 ,11.9 ,410.48 ,-1.09 ,5.51 ,6.60 ,14.2 
1978000505,1978,5,70.4 ,70.0 ,311284 ,145062 ,10683 ,41.5 ,152.633 ,11.5 ,409.68 ,-1.00 ,5.58 ,6.58 ,11.6 
1978000606,1978,6,69.6 ,68.3 ,330896 ,155623 ,13277 ,41.8 ,150.044 ,12.0 ,412.07 ,-0.98 ,5.64 ,6.62 ,18.4 
1978000707,1978,7,69.6 ,67.5 ,337636 ,145722 ,11298 ,42.3 ,148.663 ,12.0 ,422.56 ,-0.86 ,5.76 ,6.62 ,20.5 
1978000808,1978,8,68.5 ,66.7 ,330947 ,176255 ,9077 ,42.8 ,148.591 ,12.3 ,419.87 ,-0.79 ,5.87 ,6.66 ,18.8 
1978000909,1978,9,67.3 ,64.7 ,336331 ,183565 ,9515 ,43.3 ,147.346 ,12.0 ,427.97 ,-0.73 ,5.98 ,6.71 ,17.7 
1978001010,1978,10,68.6 ,64.6 ,341645 ,144383 ,11125 ,43.5 ,148.782 ,12.1 ,436.10 ,-0.45 ,6.23 ,6.68 ,18.7 
1978001111,1978,11,68.7 ,64.4 ,345209 ,184174 ,13501 ,43.8 ,149.528 ,12.3 ,440.34 ,-0.18 ,6.47 ,6.65 ,23.4 
1978001212,1978,12,68.6 ,63.7 ,346012 ,182944 ,11678 ,44.0 ,151.903 ,12.2 ,446.92 ,0.05 ,6.70 ,6.65 ,20.3 
1979000101,1979,1,69.6 ,63.3 ,357076 ,168379 ,9555 ,44.0 ,156.448 ,12.3 ,459.51 ,0.35 ,6.96 ,6.61 ,17.3 
1979000202,1979,2,70.4 ,63.0 ,369806 ,171237 ,10083 ,43.9 ,159.869 ,12.3 ,452.70 ,0.45 ,7.23 ,6.78 ,14.2 
1979000303,1979,3,69.4 ,61.3 ,375375 ,166379 ,11217 ,43.9 ,163.659 ,12.2 ,447.78 ,0.54 ,7.49 ,6.95 ,17.7 
1979000404,1979,4,68.9 ,61.3 ,370445 ,219699 ,11775 ,42.2 ,167.807 ,12.2 ,444.66 ,0.33 ,7.80 ,7.47 ,21.2 
1979000505,1979,5,65.8 ,59.7 ,378801 ,173567 ,11340 ,40.4 ,172.686 ,12.8 ,453.71 ,0.60 ,8.09 ,7.49 ,22.9 
1979000606,1979,6,65.0 ,59.9 ,383695 ,195142 ,12199 ,38.7 ,176.705 ,11.8 ,444.27 ,0.37 ,8.38 ,8.01 ,22.6 
1979000707,1979,7,65.3 ,58.5 ,381887 ,208668 ,12817 ,38.8 ,178.894 ,11.9 ,442.39 ,0.72 ,8.44 ,7.72 ,17.8 
1979000808,1979,8,64.2 ,58.5 ,388372 ,181496 ,11823 ,38.9 ,180.146 ,11.9 ,450.30 ,0.80 ,8.47 ,7.67 ,18.2 
1979000909,1979,9,66.5 ,60.4 ,405175 ,182257 ,11800 ,39.0 ,183.591 ,11.4 ,455.33 ,0.71 ,8.49 ,7.78 ,16.6 
1979001010,1979,10,66.9 ,60.9 ,402340 ,219387 ,11155 ,38.6 ,185.223 ,11.4 ,450.66 ,0.22 ,8.60 ,8.38 ,14.3 
1979001111,1979,11,66.9 ,59.6 ,395343 ,214469 ,11011 ,38.3 ,188.977 ,11.1 ,445.45 ,0.03 ,8.76 ,8.73 ,18.4 
1979001212,1979,12,67.3 ,59.2 ,392743 ,199287 ,10644 ,37.9 ,191.402 ,11.0 ,453.45 ,0.30 ,8.91 ,8.61 ,16.9 
1980000101,1980,1,67.5 ,58.5 ,401920 ,232142 ,10721 ,37.2 ,200.263 ,10.6 ,463.80 ,0.55 ,9.03 ,8.48 ,20.0 
1980000202,1980,2,67.1 ,56.7 ,392188 ,230512 ,10308 ,36.4 ,208.044 ,10.8 ,469.70 ,0.54 ,9.11 ,8.57 ,21.7 
1980000303,1980,3,69.4 ,59.4 ,390152 ,214068 ,11038 ,35.7 ,207.846 ,10.6 ,455.85 ,-0.25 ,9.18 ,9.43 ,17.4 
1980000404,1980,4,67.5 ,59.2 ,401502 ,259656 ,11026 ,36.5 ,209.833 ,10.4 ,460.95 ,-1.04 ,8.96 ,10.00 ,6.9 
1980000505,1980,5,72.2 ,60.9 ,397025 ,248523 ,10493 ,37.4 ,204.834 ,10.3 ,466.92 ,-0.51 ,8.74 ,9.25 ,5.4 
1980000606,1980,6,73.3 ,64.5 ,392267 ,225752 ,10031 ,38.2 ,201.942 ,9.6 ,467.89 ,-0.07 ,8.52 ,8.59 ,2.7 
1980000707,1980,7,74.7 ,67.8 ,387568 ,236182 ,9592 ,38.1 ,202.048 ,8.8 ,469.20 ,-0.54 ,8.16 ,8.70 ,-1.1 
1980000808,1980,8,76.8 ,72.8 ,385751 ,213511 ,9399 ,37.9 ,202.260 ,8.3 ,473.65 ,-0.99 ,7.85 ,8.84 ,4.3 
1980000909,1980,9,78.6 ,71.4 ,380084 ,197171 ,9304 ,37.8 ,198.679 ,8.0 ,483.22 ,-1.41 ,7.53 ,8.94 ,3.4 
1980001010,1980,10,77.1 ,70.4 ,373323 ,241771 ,9028 ,37.8 ,197.436 ,7.6 ,494.11 ,-1.57 ,7.35 ,8.92 ,4.8 
1980001111,1980,11,78.8 ,70.3 ,378513 ,206980 ,8781 ,37.9 ,196.539 ,7.9 ,494.30 ,-2.03 ,7.18 ,9.21 ,2.7 
1980001212,1980,12,78.3 ,71.1 ,387981 ,287001 ,9106 ,37.9 ,192.471 ,7.8 ,489.74 ,-2.20 ,7.01 ,9.21 ,5.9 
1981000101,1981,1,76.8 ,70.7 ,384943 ,220225 ,8443 ,38.0 ,188.783 ,7.4 ,505.68 ,-2.05 ,6.82 ,8.87 ,0.2 
1981000202,1981,2,77.0 ,71.8 ,370516 ,213582 ,9795 ,38.1 ,185.545 ,7.6 ,505.87 ,-2.01 ,6.63 ,8.64 ,2.0 
1981000303,1981,3,77.5 ,71.9 ,357269 ,230658 ,8710 ,38.2 ,186.367 ,7.7 ,515.78 ,-2.09 ,6.45 ,8.54 ,1.4 
1981000404,1981,4,76.8 ,71.7 ,360795 ,236154 ,9271 ,38.2 ,188.036 ,7.9 ,546.03 ,-1.83 ,6.48 ,8.31 ,5.4 
1981000505,1981,5,77.6 ,73.4 ,374996 ,214362 ,11455 ,38.1 ,188.306 ,7.5 ,554.96 ,-2.07 ,6.51 ,8.58 ,11.0 
1981000606,1981,6,77.0 ,71.5 ,375241 ,214478 ,9188 ,38.1 ,187.653 ,8.3 ,568.67 ,-2.21 ,6.54 ,8.75 ,11.0 
1981000707,1981,7,75.7 ,70.2 ,380397 ,216758 ,8162 ,38.3 ,193.202 ,9.0 ,590.00 ,-1.73 ,6.76 ,8.49 ,13.3 
1981000808,1981,8,75.6 ,70.2 ,391834 ,219491 ,8673 ,38.6 ,194.030 ,9.6 ,596.74 ,-1.61 ,6.98 ,8.59 ,10.7 
1981000909,1981,9,73.3 ,68.4 ,370101 ,214572 ,8698 ,38.8 ,192.181 ,10.1 ,564.58 ,-1.49 ,7.19 ,8.68 ,11.4 
1981001010,1981,10,73.0 ,68.1 ,366397 ,236527 ,8247 ,38.7 ,193.034 ,10.8 ,545.04 ,-1.57 ,7.13 ,8.70 ,16.0 
1981001111,1981,11,71.7 ,68.4 ,362783 ,233275 ,8338 ,38.6 ,191.127 ,10.4 ,558.10 ,-1.22 ,7.06 ,8.28 ,11.1 
1981001212,1981,12,73.4 ,68.3 ,380021 ,248056 ,8718 ,38.5 ,192.472 ,10.5 ,566.10 ,-1.07 ,7.00 ,8.07 ,7.3 
1982000101,1982,1,74.8 ,70.0 ,361867 ,224902 ,8391 ,38.4 ,191.772 ,10.7 ,572.84 ,-0.80 ,7.16 ,7.96 ,10.9 
1982000202,1982,2,76.6 ,70.8 ,366423 ,236750 ,8673 ,38.2 ,190.616 ,10.6 ,570.70 ,-0.66 ,7.32 ,7.98 ,3.7 
1982000303,1982,3,75.6 ,70.5 ,356686 ,226690 ,8904 ,38.1 ,190.153 ,10.5 ,536.85 ,-0.17 ,7.48 ,7.65 ,-4.0 
1982000404,1982,4,78.6 ,71.7 ,344447 ,203853 ,8506 ,38.6 ,187.913 ,9.3 ,534.98 ,-0.65 ,7.07 ,7.72 ,1.2 
1982000505,1982,5,77.1 ,72.8 ,352364 ,262978 ,9156 ,39.0 ,185.979 ,9.4 ,555.72 ,-0.99 ,6.72 ,7.71 ,1.2 
1982000606,1982,6,77.5 ,71.5 ,351327 ,217939 ,8982 ,39.5 ,185.094 ,8.8 ,540.55 ,-1.99 ,6.35 ,8.34 ,-1.5 
1982000707,1982,7,77.7 ,71.8 ,351600 ,203610 ,8842 ,39.0 ,186.186 ,9.3 ,530.85 ,-1.89 ,6.41 ,8.30 ,6.4 
1982000808,1982,8,77.6 ,71.5 ,355228 ,230066 ,9034 ,38.5 ,187.829 ,9.0 ,523.53 ,-1.86 ,6.42 ,8.28 ,0.7 
1982000909,1982,9,74.3 ,70.4 ,347920 ,249906 ,9352 ,38.0 ,188.893 ,8.9 ,531.75 ,-1.89 ,6.43 ,8.32 ,4.3 
1982001010,1982,10,75.6 ,71.8 ,345181 ,192505 ,9432 ,38.0 ,189.958 ,8.3 ,541.43 ,-2.22 ,6.22 ,8.44 ,2.1 
1982001111,1982,11,74.8 ,69.7 ,347328 ,202859 ,9495 ,38.0 ,186.617 ,8.0 ,566.04 ,-2.34 ,6.02 ,8.36 ,-4.2 
1982001212,1982,12,75.7 ,70.4 ,349510 ,203970 ,8752 ,38.0 ,182.474 ,7.9 ,583.09 ,-1.92 ,5.82 ,7.74 ,1.9 
1983000101,1983,1,75.2 ,70.2 ,351958 ,198125 ,9828 ,38.4 ,180.643 ,7.7 ,588.77 ,-1.93 ,5.65 ,7.58 ,2.8 
1983000202,1983,2,75.0 ,70.5 ,347808 ,185044 ,8557 ,38.9 ,180.982 ,7.4 ,585.86 ,-2.17 ,5.49 ,7.66 ,3.9 
1983000303,1983,3,73.8 ,69.2 ,357340 ,221489 ,7970 ,39.3 ,179.881 ,7.6 ,601.16 ,-2.36 ,5.32 ,7.68 ,6.8 
1983000404,1983,4,75.1 ,67.9 ,356075 ,201102 ,7766 ,39.8 ,181.323 ,7.6 ,618.29 ,-2.26 ,5.38 ,7.64 ,9.7 
1983000505,1983,5,75.9 ,67.1 ,363864 ,205975 ,7651 ,40.2 ,181.984 ,7.5 ,633.30 ,-2.03 ,5.43 ,7.46 ,11.5 
1983000606,1983,6,74.6 ,65.3 ,366565 ,222836 ,8495 ,40.7 ,181.551 ,7.7 ,644.50 ,-2.11 ,5.48 ,7.59 ,15.2 
1983000707,1983,7,75.5 ,65.9 ,367463 ,217366 ,8148 ,40.9 ,182.818 ,7.1 ,661.54 ,-1.85 ,5.63 ,7.48 ,16.5 
1983000808,1983,8,71.9 ,63.2 ,377830 ,226698 ,8274 ,41.0 ,185.799 ,6.9 ,669.89 ,-1.89 ,5.78 ,7.67 ,18.0 
1983000909,1983,9,73.4 ,63.2 ,375334 ,235029 ,8195 ,41.2 ,188.256 ,7.2 ,684.49 ,-1.57 ,5.92 ,7.49 ,19.1 
1983001010,1983,10,72.4 ,62.6 ,383928 ,226947 ,8345 ,41.5 ,187.653 ,7.2 ,686.21 ,-1.31 ,6.10 ,7.41 ,14.3 
1983001111,1983,11,73.5 ,62.3 ,388161 ,238083 ,8377 ,41.9 ,188.166 ,6.8 ,686.46 ,-1.10 ,6.28 ,7.38 ,17.6 
1983001212,1983,12,71.9 ,62.6 ,384656 ,222396 ,8316 ,42.2 ,187.113 ,7.6 ,705.43 ,-0.73 ,6.46 ,7.19 ,20.5 
1984000101,1984,1,74.0 ,61.9 ,383497 ,256573 ,7999 ,42.3 ,186.725 ,7.6 ,759.63 ,-0.67 ,6.54 ,7.21 ,25.2 
1984000202,1984,2,72.8 ,60.9 ,380544 ,267414 ,8364 ,42.5 ,187.683 ,7.8 ,772.60 ,-0.57 ,6.62 ,7.19 ,20.7 
1984000303,1984,3,72.5 ,61.2 ,390369 ,237345 ,8226 ,42.6 ,186.511 ,8.4 ,813.28 ,-0.37 ,6.70 ,7.07 ,20.6 
1984000404,1984,4,73.0 ,62.1 ,399461 ,281759 ,8594 ,42.6 ,185.735 ,7.7 ,857.00 ,-0.28 ,6.68 ,6.96 ,19.6 
1984000505,1984,5,71.3 ,62.1 ,401071 ,248349 ,8474 ,42.7 ,185.662 ,7.6 ,822.35 ,-0.59 ,6.66 ,7.25 ,17.3 
1984000606,1984,6,72.2 ,62.7 ,397080 ,247009 ,8308 ,42.7 ,183.974 ,7.5 ,785.77 ,-0.62 ,6.65 ,7.27 ,19.4 
1984000707,1984,7,72.4 ,62.7 ,403672 ,281933 ,8449 ,42.9 ,183.774 ,7.7 ,774.56 ,-0.54 ,6.68 ,7.22 ,14.9 
1984000808,1984,8,72.1 ,62.8 ,403314 ,285667 ,8290 ,43.0 ,183.985 ,7.7 ,804.81 ,-0.40 ,6.70 ,7.10 ,15.3 
1984000909,1984,9,75.5 ,63.7 ,392662 ,264923 ,8215 ,43.2 ,182.922 ,8.1 ,815.76 ,-0.46 ,6.72 ,7.18 ,17.6 
1984001010,1984,10,75.0 ,63.7 ,403515 ,296271 ,8409 ,43.4 ,183.648 ,7.7 ,840.00 ,-0.33 ,6.63 ,6.96 ,16.8 
1984001111,1984,11,74.2 ,63.7 ,409305 ,302032 ,8194 ,43.5 ,183.043 ,8.1 ,855.83 ,-0.17 ,6.58 ,6.75 ,18.5 
1984001212,1984,12,74.2 ,64.6 ,405669 ,288482 ,8465 ,43.7 ,181.763 ,7.8 ,888.85 ,-0.24 ,6.54 ,6.78 ,15.9 
1985000101,1985,1,74.4 ,65.4 ,402179 ,281650 ,8545 ,43.8 ,182.301 ,7.9 ,927.20 ,-0.13 ,6.60 ,6.73 ,12.7 
1985000202,1985,2,74.5 ,66.6 ,411234 ,299976 ,8571 ,43.9 ,181.652 ,7.9 ,941.18 ,-0.55 ,6.62 ,7.17 ,18.6 
1985000303,1985,3,74.2 ,67.1 ,400606 ,273846 ,8941 ,44.0 ,181.003 ,7.9 ,994.51 ,-0.48 ,6.64 ,7.12 ,15.1 
1985000404,1985,4,74.1 ,67.4 ,409642 ,288997 ,8888 ,43.8 ,180.980 ,8.4 ,972.46 ,-0.26 ,6.69 ,6.95 ,13.1 
1985000505,1985,5,72.8 ,67.7 ,407704 ,302758 ,8841 ,43.5 ,179.742 ,8.3 ,983.88 ,-0.14 ,6.74 ,6.88 ,10.9 
1985000606,1985,6,74.0 ,69.7 ,400042 ,279320 ,8761 ,43.3 ,177.784 ,8.2 ,1010.86 ,0.08 ,6.80 ,6.72 ,11.6 
1985000707,1985,7,72.8 ,68.6 ,400488 ,295114 ,8304 ,43.4 ,176.008 ,8.2 ,1040.04 ,-0.16 ,6.43 ,6.59 ,8.2 
1985000808,1985,8,75.1 ,69.9 ,400564 ,265326 ,7789 ,43.5 ,175.328 ,8.3 ,1011.82 ,-0.37 ,6.10 ,6.47 ,6.4 
1985000909,1985,9,72.1 ,70.5 ,397754 ,294775 ,8398 ,43.6 ,172.549 ,8.3 ,1010.72 ,-0.69 ,5.76 ,6.45 ,4.0 
1985001010,1985,10,72.6 ,71.4 ,391663 ,294930 ,8674 ,43.5 ,168.926 ,8.6 ,1028.35 ,-0.84 ,5.52 ,6.36 ,3.6 
1985001111,1985,11,72.8 ,71.5 ,392503 ,283343 ,8502 ,43.3 ,166.236 ,9.1 ,1006.23 ,-1.88 ,5.27 ,7.15 ,4.5 
1985001212,1985,12,73.4 ,71.8 ,391896 ,287440 ,8750 ,43.2 ,163.555 ,9.3 ,1031.64 ,-1.71 ,5.02 ,6.73 ,0.5 
1986000101,1986,1,73.1 ,71.1 ,395046 ,293467 ,9209 ,42.9 ,161.367 ,9.0 ,1034.69 ,-0.92 ,4.94 ,5.86 ,2.0 
1986000202,1986,2,73.5 ,71.8 ,393254 ,270369 ,8939 ,42.7 ,155.161 ,9.0 ,1066.03 ,-0.50 ,4.87 ,5.37 ,0.1 
1986000303,1986,3,75.5 ,72.7 ,387668 ,278521 ,9044 ,42.4 ,149.531 ,9.0 ,1162.99 ,0.25 ,4.80 ,4.55 ,-1.1 
1986000404,1986,4,69.8 ,71.9 ,382198 ,249682 ,8859 ,42.0 ,145.555 ,8.4 ,1233.83 ,0.10 ,4.70 ,4.60 ,2.5 
1986000505,1986,5,76.6 ,72.1 ,373617 ,259029 ,8997 ,41.7 ,144.603 ,8.4 ,1264.45 ,-0.40 ,4.59 ,4.99 ,-1.3 
1986000606,1986,6,74.8 ,71.6 ,363030 ,280593 ,9040 ,41.3 ,141.520 ,8.5 ,1329.78 ,-0.29 ,4.49 ,4.78 ,-6.2 
1986000707,1986,7,75.1 ,71.7 ,370182 ,255526 ,9278 ,40.7 ,136.032 ,8.7 ,1394.75 ,-0.81 ,4.42 ,5.23 ,-3.0 
1986000808,1986,8,74.0 ,72.4 ,392529 ,238132 ,9329 ,40.2 ,136.074 ,8.9 ,1496.38 ,-0.82 ,4.33 ,5.15 ,-1.3 
1986000909,1986,9,74.0 ,70.7 ,372420 ,294941 ,9585 ,39.6 ,136.022 ,8.9 ,1503.96 ,-1.47 ,4.25 ,5.72 ,-5.6 
1986001010,1986,10,71.3 ,70.2 ,377089 ,221407 ,9404 ,39.2 ,136.549 ,8.5 ,1414.25 ,-1.40 ,4.32 ,5.72 ,-2.9 
1986001111,1986,11,73.0 ,71.0 ,369533 ,209538 ,9693 ,38.7 ,139.054 ,8.3 ,1432.65 ,-1.07 ,4.37 ,5.44 ,-5.5 
1986001212,1986,12,73.1 ,70.6 ,376733 ,249154 ,9611 ,38.3 ,139.075 ,8.2 ,1553.47 ,-0.99 ,4.43 ,5.42 ,2.5 
1987000101,1987,1,72.1 ,70.2 ,379225 ,247471 ,9727 ,37.9 ,137.516 ,8.6 ,1648.99 ,-0.69 ,4.37 ,5.06 ,6.0 
1987000202,1987,2,70.4 ,70.1 ,389393 ,261156 ,9963 ,37.6 ,137.452 ,8.8 ,1742.31 ,-0.51 ,4.34 ,4.85 ,2.8 
1987000303,1987,3,71.2 ,68.6 ,417214 ,270591 ,9971 ,37.2 ,136.554 ,9.0 ,1851.08 ,-0.07 ,4.30 ,4.37 ,6.7 
1987000404,1987,4,71.9 ,68.8 ,404097 ,222771 ,10421 ,38.2 ,136.530 ,9.8 ,2050.98 ,0.57 ,4.57 ,4.00 ,4.1 
1987000505,1987,5,69.6 ,69.0 ,407181 ,251422 ,10847 ,39.2 ,139.431 ,10.2 ,2140.02 ,0.93 ,4.81 ,3.88 ,5.7 
1987000606,1987,6,70.0 ,65.9 ,431159 ,274723 ,11008 ,40.2 ,141.732 ,10.0 ,2171.44 ,0.42 ,5.03 ,4.61 ,11.6 
1987000707,1987,7,69.3 ,65.4 ,441142 ,253589 ,11354 ,41.0 ,146.029 ,10.3 ,1996.17 ,-0.21 ,5.24 ,5.45 ,18.9 
1987000808,1987,8,69.6 ,64.6 ,450319 ,281730 ,11463 ,41.7 ,148.815 ,11.0 ,2101.60 ,-0.24 ,5.47 ,5.71 ,24.6 
1987000909,1987,9,69.1 ,63.5 ,470851 ,282653 ,11629 ,42.5 ,152.408 ,11.1 ,2085.39 ,-1.03 ,5.70 ,6.73 ,24.7 
1987001010,1987,10,69.3 ,62.6 ,482208 ,266409 ,11653 ,43.0 ,153.080 ,11.7 ,2023.68 ,0.38 ,5.78 ,5.40 ,25.9 
1987001111,1987,11,69.7 ,62.1 ,489737 ,269098 ,12283 ,43.4 ,151.859 ,12.4 ,1852.26 ,0.60 ,5.86 ,5.26 ,27.8 
1987001212,1987,12,67.6 ,62.4 ,489388 ,297426 ,11758 ,43.9 ,150.077 ,11.5 ,1828.15 ,0.87 ,5.94 ,5.07 ,21.7 
1988000101,1988,1,66.9 ,61.7 ,508066 ,296993 ,11902 ,44.3 ,147.955 ,11.9 ,1828.36 ,1.90 ,6.05 ,4.15 ,22.9 
1988000202,1988,2,65.3 ,61.2 ,497890 ,310564 ,11835 ,44.8 ,146.770 ,12.4 ,1985.47 ,1.64 ,6.17 ,4.53 ,28.4 
1988000303,1988,3,70.8 ,63.5 ,517500 ,346411 ,11300 ,45.2 ,148.795 ,11.8 ,2109.32 ,1.56 ,6.29 ,4.73 ,21.0 
1988000404,1988,4,65.4 ,61.8 ,534735 ,337759 ,10351 ,45.2 ,146.821 ,11.3 ,2165.74 ,1.54 ,6.33 ,4.79 ,22.3 
1988000505,1988,5,66.1 ,62.4 ,539847 ,348364 ,10904 ,45.1 ,149.236 ,11.4 ,2167.79 ,1.22 ,6.38 ,5.16 ,23.6 
1988000606,1988,6,66.2 ,62.1 ,576731 ,346047 ,10998 ,45.1 ,149.407 ,11.1 ,2185.63 ,0.89 ,6.43 ,5.54 ,21.4 
1988000707,1988,7,66.0 ,62.4 ,568837 ,360781 ,11133 ,45.1 ,147.162 ,11.1 ,2177.78 ,0.79 ,6.32 ,5.53 ,22.5 
1988000808,1988,8,65.9 ,61.5 ,568376 ,333972 ,11835 ,45.2 ,149.955 ,10.9 ,2195.02 ,0.25 ,6.19 ,5.94 ,19.3 
1988000909,1988,9,66.4 ,62.6 ,585971 ,343287 ,11235 ,45.2 ,148.428 ,10.6 ,2124.77 ,0.92 ,6.07 ,5.15 ,21.5 
1988001010,1988,10,66.5 ,62.7 ,588816 ,361925 ,11038 ,45.5 ,146.691 ,11.0 ,2123.30 ,1.60 ,6.31 ,4.71 ,23.5 
1988001111,1988,11,64.6 ,62.3 ,593463 ,366755 ,11049 ,45.8 ,147.748 ,10.3 ,2217.24 ,1.97 ,6.55 ,4.58 ,20.3 
1988001212,1988,12,66.2 ,61.5 ,604208 ,429513 ,11256 ,46.1 ,147.281 ,10.4 ,2302.54 ,2.19 ,6.78 ,4.59 ,23.6 
1989000101,1989,1,66.6 ,62.7 ,605970 ,404057 ,10856 ,45.5 ,149.096 ,10.0 ,2437.49 ,1.96 ,6.80 ,4.84 ,21.1 
1989000202,1989,2,67.1 ,64.3 ,597699 ,358085 ,10807 ,44.8 ,149.952 ,10.4 ,2470.84 ,1.69 ,6.81 ,5.12 ,20.6 
1989000303,1989,3,65.4 ,60.9 ,607953 ,366057 ,11717 ,44.2 ,150.707 ,10.3 ,2417.04 ,1.66 ,6.83 ,5.17 ,18.3 
1989000404,1989,4,67.6 ,62.5 ,612872 ,424044 ,11567 ,43.9 ,152.390 ,10.2 ,2463.50 ,1.48 ,6.73 ,5.25 ,18.9 
1989000505,1989,5,67.5 ,63.0 ,616341 ,399698 ,11458 ,43.5 ,153.803 ,9.4 ,2522.56 ,1.56 ,6.64 ,5.08 ,16.9 
1989000606,1989,6,68.1 ,63.0 ,632038 ,475620 ,11172 ,43.2 ,155.679 ,9.4 ,2475.28 ,1.17 ,6.54 ,5.37 ,18.4 
1989000707,1989,7,69.2 ,65.0 ,617230 ,410468 ,11037 ,43.7 ,155.419 ,9.8 ,2526.71 ,1.70 ,6.61 ,4.91 ,18.8 
1989000808,1989,8,68.6 ,64.7 ,624565 ,410202 ,11338 ,44.1 ,156.008 ,9.6 ,2631.40 ,1.63 ,6.67 ,5.04 ,17.1 
1989000909,1989,9,68.2 ,64.5 ,626843 ,380465 ,11185 ,44.6 ,153.838 ,9.6 ,2626.01 ,1.70 ,6.73 ,5.03 ,20.5 
1989001010,1989,10,68.9 ,66.7 ,614151 ,458600 ,11489 ,45.1 ,153.539 ,9.6 ,2668.29 ,1.16 ,6.67 ,5.51 ,16.9 
1989001111,1989,11,68.0 ,66.4 ,639737 ,436267 ,11231 ,45.5 ,152.015 ,9.9 ,2725.65 ,1.09 ,6.60 ,5.51 ,19.8 
1989001212,1989,12,68.0 ,65.6 ,636623 ,444704 ,10942 ,46.0 ,151.993 ,10.6 ,2859.57 ,0.78 ,6.54 ,5.76 ,20.8 
1990000101,1990,1,68.0 ,65.9 ,624361 ,426673 ,11097 ,45.8 ,151.201 ,11.5 ,2758.91 ,-0.25 ,6.42 ,6.67 ,21.3 
1990000202,1990,2,69.0 ,65.9 ,643407 ,448616 ,11465 ,45.5 ,152.517 ,11.8 ,2680.39 ,-0.47 ,6.32 ,6.79 ,23.5 
1990000303,1990,3,67.2 ,64.5 ,631414 ,409289 ,11621 ,45.3 ,156.169 ,11.6 ,2401.41 ,-0.90 ,6.21 ,7.11 ,21.0 
1990000404,1990,4,68.0 ,64.3 ,627196 ,499765 ,11622 ,45.3 ,156.988 ,13.2 ,2163.47 ,-0.66 ,6.24 ,6.90 ,20.7 
1990000505,1990,5,66.5 ,63.9 ,649841 ,429987 ,12240 ,45.2 ,156.695 ,13.2 ,2365.92 ,-0.06 ,6.29 ,6.35 ,19.3 
1990000606,1990,6,65.3 ,63.6 ,646598 ,431015 ,11737 ,45.2 ,155.957 ,12.6 ,2379.77 ,-0.35 ,6.35 ,6.70 ,17.5 
1990000707,1990,7,65.8 ,62.7 ,648240 ,462056 ,11348 ,44.8 ,155.082 ,12.2 ,2339.80 ,-0.75 ,6.35 ,7.10 ,16.1 
1990000808,1990,8,65.4 ,62.0 ,647127 ,456627 ,11325 ,44.5 ,157.211 ,11.9 ,2024.40 ,-1.45 ,6.32 ,7.77 ,18.8 
1990000909,1990,9,67.3 ,62.6 ,640743 ,452682 ,11706 ,44.1 ,157.781 ,12.0 ,1815.28 ,-2.00 ,6.28 ,8.28 ,15.9 
1990001010,1990,10,65.9 ,61.0 ,658076 ,458500 ,11397 ,44.2 ,153.836 ,11.8 ,1757.88 ,-1.22 ,6.16 ,7.38 ,15.0 
1990001111,1990,11,66.9 ,62.0 ,651029 ,478750 ,10745 ,44.3 ,153.839 ,9.9 ,1736.44 ,-0.76 ,6.06 ,6.82 ,15.9 
1990001212,1990,12,65.4 ,62.6 ,656874 ,438126 ,10992 ,44.4 ,153.671 ,8.5 ,1744.42 ,-0.45 ,5.97 ,6.42 ,15.5 
1991000101,1991,1,66.9 ,62.6 ,657910 ,438446 ,11130 ,44.7 ,152.316 ,7.4 ,1703.29 ,-0.47 ,5.94 ,6.41 ,16.1 
1991000202,1991,2,67.9 ,63.6 ,652279 ,431536 ,9940 ,44.9 ,152.877 ,5.5 ,1873.92 ,-0.52 ,5.89 ,6.41 ,14.7 
1991000303,1991,3,70.8 ,64.6 ,633237 ,424149 ,9924 ,45.2 ,152.235 ,5.1 ,1970.93 ,-0.70 ,5.84 ,6.54 ,15.0 
1991000404,1991,4,69.3 ,65.4 ,641908 ,446839 ,10069 ,44.9 ,150.339 ,3.8 ,1991.07 ,-0.96 ,5.75 ,6.71 ,13.3 
1991000505,1991,5,71.0 ,65.2 ,640460 ,449702 ,9907 ,44.5 ,148.838 ,3.6 ,1961.53 ,-0.96 ,5.67 ,6.63 ,11.3 
1991000606,1991,6,73.9 ,68.1 ,638970 ,423495 ,9859 ,44.2 ,148.301 ,3.7 ,1890.92 ,-1.23 ,5.59 ,6.82 ,10.0 
1991000707,1991,7,72.7 ,67.1 ,642196 ,402054 ,9711 ,44.0 ,147.299 ,3.4 ,1810.40 ,-1.05 ,5.45 ,6.50 ,6.0 
1991000808,1991,8,73.4 ,68.8 ,622786 ,431107 ,9308 ,43.8 ,146.341 ,2.7 ,1759.20 ,-0.98 ,5.32 ,6.30 ,12.0 
1991000909,1991,9,72.6 ,69.3 ,613011 ,402529 ,9371 ,43.6 ,144.063 ,2.2 ,1780.62 ,-0.79 ,5.19 ,5.98 ,5.5 
1991001010,1991,10,75.1 ,69.7 ,636288 ,435267 ,9335 ,43.0 ,141.976 ,2.1 ,1870.07 ,-0.83 ,5.08 ,5.91 ,2.6 
1991001111,1991,11,75.5 ,69.0 ,604274 ,367767 ,9478 ,42.4 ,141.899 ,2.4 ,1801.46 ,-0.95 ,4.96 ,5.91 ,-1.3 
1991001212,1991,12,79.1 ,71.0 ,599803 ,354310 ,9607 ,41.8 ,141.248 ,2.0 ,1693.54 ,-0.66 ,4.85 ,5.51 ,-3.4 
1992000101,1992,1,78.2 ,71.0 ,610725 ,365470 ,9659 ,41.5 ,139.850 ,1.8 ,1628.51 ,-0.81 ,4.70 ,5.51 ,-7.5 
1992000202,1992,2,76.9 ,70.6 ,579667 ,378826 ,9763 ,41.3 ,139.299 ,1.6 ,1574.94 ,-0.97 ,4.55 ,5.52 ,-10.0 
1992000303,1992,3,76.6 ,72.1 ,566691 ,414247 ,10008 ,41.0 ,139.951 ,1.8 ,1471.73 ,-1.12 ,4.40 ,5.52 ,-18.0 
1992000404,1992,4,79.4 ,72.2 ,571082 ,331235 ,10163 ,40.6 ,139.551 ,1.6 ,1298.97 ,-1.70 ,4.17 ,5.87 ,-15.0 
1992000505,1992,5,81.2 ,73.1 ,561695 ,341229 ,9995 ,40.1 ,138.171 ,1.1 ,1372.74 ,-1.75 ,3.95 ,5.70 ,-11.9 
1992000606,1992,6,80.0 ,72.1 ,543787 ,309488 ,10003 ,39.7 ,137.621 ,0.9 ,1298.26 ,-1.80 ,3.73 ,5.53 ,-6.2 
1992000707,1992,7,80.3 ,71.8 ,542513 ,298600 ,10085 ,39.0 ,137.402 ,0.2 ,1250.64 ,-1.54 ,3.69 ,5.23 ,-10.3 
1992000808,1992,8,84.4 ,73.9 ,537848 ,364614 ,10507 ,38.2 ,135.769 ,0.3 ,1207.73 ,-1.44 ,3.64 ,5.08 ,-12.2 
1992000909,1992,9,79.0 ,71.5 ,542127 ,330770 ,10053 ,37.5 ,134.645 ,-0.5 ,1372.42 ,-1.37 ,3.59 ,4.96 ,-13.2 
1992001010,1992,10,81.9 ,73.9 ,519084 ,286609 ,9814 ,37.1 ,133.175 ,-0.6 ,1300.32 ,-1.41 ,3.48 ,4.89 ,-8.6 
1992001111,1992,11,84.5 ,75.1 ,506568 ,305820 ,10046 ,36.8 ,133.767 ,-0.6 ,1271.95 ,-1.51 ,3.37 ,4.88 ,-8.7 
1992001212,1992,12,84.3 ,75.1 ,529509 ,301071 ,10051 ,36.4 ,133.605 ,-0.4 ,1322.10 ,-1.51 ,3.27 ,4.78 ,-12.2 
1993000101,1993,1,79.3 ,74.4 ,507778 ,277338 ,9837 ,36.1 ,133.048 ,-0.3 ,1277.70 ,-1.36 ,3.26 ,4.62 ,-12.3 
1993000202,1993,2,81.0 ,74.2 ,504734 ,292602 ,10440 ,35.7 ,131.773 ,0.1 ,1293.99 ,-0.83 ,3.25 ,4.08 ,-12.0 
1993000303,1993,3,79.6 ,73.9 ,489605 ,341335 ,10762 ,35.4 ,129.850 ,-0.4 ,1361.93 ,-1.35 ,3.24 ,4.59 ,-16.6 
1993000404,1993,4,78.6 ,73.5 ,481758 ,268810 ,10358 ,36.4 ,127.454 ,0.5 ,1556.60 ,-1.57 ,3.18 ,4.75 ,-8.3 
1993000505,1993,5,79.0 ,73.5 ,476457 ,271291 ,10261 ,37.3 ,125.953 ,1.5 ,1619.58 ,-1.83 ,3.12 ,4.95 ,2.1 
1993000606,1993,6,80.5 ,74.2 ,467240 ,279139 ,10804 ,38.3 ,125.121 ,1.4 ,1614.77 ,-1.64 ,3.06 ,4.70 ,-4.9 
1993000707,1993,7,81.7 ,73.1 ,461692 ,296771 ,11014 ,37.5 ,123.621 ,1.6 ,1621.00 ,-1.40 ,2.99 ,4.39 ,-6.3 
1993000808,1993,8,81.8 ,74.8 ,454959 ,267543 ,12215 ,36.6 ,121.102 ,1.7 ,1666.85 ,-1.27 ,2.92 ,4.19 ,-9.1 
1993000909,1993,9,80.0 ,73.9 ,450879 ,291580 ,12249 ,35.8 ,118.438 ,1.9 ,1661.22 ,-1.06 ,2.86 ,3.92 ,-18.8 
1993001010,1993,10,81.4 ,75.0 ,451604 ,268047 ,11591 ,34.9 ,117.165 ,1.8 ,1644.32 ,-1.01 ,2.79 ,3.80 ,-16.8 
1993001111,1993,11,83.3 ,74.4 ,457255 ,275481 ,11009 ,33.9 ,116.859 ,1.5 ,1524.60 ,-0.78 ,2.71 ,3.49 ,-15.1 
1993001212,1993,12,83.6 ,75.1 ,452125 ,271497 ,10889 ,33.0 ,117.774 ,1.4 ,1442.85 ,-0.69 ,2.64 ,3.33 ,-15.0 
1994000101,1994,1,81.8 ,74.3 ,429968 ,273510 ,11644 ,34.4 ,117.899 ,1.6 ,1517.66 ,-1.31 ,2.69 ,4.00 ,-9.9 
1994000202,1994,2,82.4 ,74.3 ,448864 ,257028 ,11384 ,35.8 ,117.759 ,1.5 ,1594.68 ,-1.51 ,2.73 ,4.24 ,-6.8 
1994000303,1994,3,79.4 ,72.5 ,461974 ,305202 ,11332 ,37.2 ,117.170 ,1.9 ,1618.76 ,-1.47 ,2.78 ,4.25 ,-2.2 
1994000404,1994,4,78.8 ,71.7 ,457719 ,259885 ,12197 ,37.7 ,116.329 ,2.2 ,1608.19 ,-1.29 ,2.91 ,4.20 ,1.9 
1994000505,1994,5,79.7 ,72.2 ,453488 ,266428 ,12493 ,38.3 ,116.359 ,1.7 ,1642.02 ,-0.94 ,3.03 ,3.97 ,5.0 
1994000606,1994,6,77.8 ,69.6 ,464957 ,295618 ,12780 ,38.8 ,116.154 ,1.5 ,1684.01 ,-1.25 ,3.15 ,4.40 ,4.8 
1994000707,1994,7,76.4 ,70.0 ,460225 ,288309 ,12619 ,39.6 ,116.302 ,2.0 ,1653.00 ,-1.29 ,3.24 ,4.53 ,7.1 
1994000808,1994,8,75.7 ,67.7 ,461071 ,299024 ,12972 ,40.3 ,115.950 ,1.9 ,1648.16 ,-1.63 ,3.32 ,4.95 ,9.4 
1994000909,1994,9,79.3 ,68.6 ,462680 ,339174 ,11668 ,41.1 ,116.730 ,2.3 ,1589.51 ,-1.24 ,3.41 ,4.65 ,10.5 
1994001010,1994,10,76.9 ,68.0 ,457184 ,288417 ,11651 ,41.6 ,116.464 ,2.4 ,1581.20 ,-1.25 ,3.49 ,4.74 ,11.9 
1994001111,1994,11,75.6 ,67.0 ,457689 ,289790 ,12345 ,42.0 ,117.852 ,2.7 ,1525.78 ,-1.05 ,3.58 ,4.63 ,10.2 
1994001212,1994,12,75.9 ,67.6 ,455928 ,303583 ,11950 ,42.5 ,118.937 ,2.9 ,1526.41 ,-0.90 ,3.67 ,4.57 ,13.6 
1995000101,1995,1,78.7 ,69.4 ,449459 ,288938 ,11671 ,41.9 ,120.190 ,3.1 ,1483.90 ,-0.97 ,3.66 ,4.63 ,9.9 
1995000202,1995,2,77.8 ,68.0 ,496945 ,301631 ,12540 ,41.2 ,118.672 ,3.6 ,1408.61 ,-0.74 ,3.65 ,4.39 ,9.0 
1995000303,1995,3,79.6 ,68.6 ,471411 ,305780 ,11281 ,40.6 ,117.499 ,3.5 ,1312.18 ,-0.04 ,3.64 ,3.68 ,10.0 
1995000404,1995,4,81.4 ,68.9 ,469405 ,327946 ,11305 ,39.7 ,116.134 ,3.1 ,1303.58 ,0.15 ,3.63 ,3.48 ,6.6 
1995000505,1995,5,81.3 ,69.6 ,474185 ,303807 ,10742 ,38.9 ,114.395 ,3.1 ,1301.26 ,0.70 ,3.59 ,2.89 ,1.4 
1995000606,1995,6,80.4 ,70.1 ,464035 ,319210 ,10757 ,38.0 ,113.035 ,3.1 ,1223.73 ,0.71 ,3.56 ,2.85 ,0.1 
1995000707,1995,7,82.6 ,72.7 ,467781 ,325883 ,11024 ,37.9 ,112.116 ,2.7 ,1298.12 ,0.55 ,3.58 ,3.03 ,-7.6 
1995000808,1995,8,80.1 ,70.5 ,474525 ,317924 ,10581 ,37.8 ,114.454 ,2.7 ,1387.54 ,0.33 ,3.60 ,3.27 ,-5.1 
1995000909,1995,9,81.4 ,72.1 ,464687 ,320866 ,10895 ,37.7 ,115.260 ,2.6 ,1436.08 ,0.76 ,3.62 ,2.86 ,-1.6 
1995001010,1995,10,82.8 ,73.5 ,475268 ,330062 ,11635 ,38.4 ,116.875 ,2.4 ,1432.05 ,0.74 ,3.70 ,2.96 ,0.2 
1995001111,1995,11,80.7 ,72.3 ,488816 ,326480 ,12230 ,39.2 ,117.367 ,3.3 ,1439.57 ,0.90 ,3.78 ,2.88 ,4.0 
1995001212,1995,12,80.6 ,72.2 ,481288 ,367005 ,12383 ,39.9 ,117.951 ,3.2 ,1540.05 ,0.67 ,3.86 ,3.19 ,5.7 
1996000101,1996,1,83.1 ,73.2 ,468432 ,357474 ,12487 ,40.2 ,119.265 ,3.1 ,1599.54 ,0.55 ,3.80 ,3.25 ,10.7 
1996000202,1996,2,80.4 ,71.3 ,497585 ,367023 ,12312 ,40.6 ,119.769 ,2.8 ,1594.66 ,0.23 ,3.73 ,3.50 ,10.2 
1996000303,1996,3,81.5 ,75.1 ,506911 ,343973 ,12515 ,40.9 ,120.507 ,3.0 ,1567.67 ,0.46 ,3.67 ,3.21 ,10.9 
1996000404,1996,4,79.1 ,73.6 ,512997 ,352475 ,13157 ,41.2 ,120.534 ,2.8 ,1677.11 ,0.31 ,3.77 ,3.46 ,9.6 
1996000505,1996,5,79.9 ,74.0 ,528470 ,349382 ,13011 ,41.5 ,120.197 ,3.2 ,1675.31 ,0.70 ,3.92 ,3.22 ,8.5 
1996000606,1996,6,80.4 ,77.1 ,529729 ,335055 ,12276 ,41.8 ,118.941 ,3.7 ,1690.59 ,0.84 ,4.07 ,3.23 ,9.5 
1996000707,1996,7,78.2 ,74.5 ,536871 ,335944 ,14125 ,41.5 ,119.447 ,3.7 ,1639.85 ,0.80 ,4.10 ,3.30 ,9.4 
1996000808,1996,8,78.6 ,73.6 ,535645 ,352616 ,13083 ,41.3 ,120.835 ,3.7 ,1584.82 ,1.13 ,4.09 ,2.96 ,13.7 
1996000909,1996,9,79.6 ,73.5 ,551568 ,343891 ,13809 ,41.0 ,120.142 ,3.4 ,1577.50 ,1.22 ,4.09 ,2.87 ,14.5 
1996001010,1996,10,76.8 ,71.4 ,556146 ,374012 ,13978 ,40.6 ,122.436 ,3.6 ,1586.07 ,1.62 ,4.20 ,2.58 ,17.7 
1996001111,1996,11,77.5 ,71.0 ,551692 ,407964 ,13838 ,40.2 ,123.685 ,3.1 ,1569.49 ,1.77 ,4.31 ,2.54 ,13.8 
1996001212,1996,12,77.7 ,70.8 ,558354 ,354015 ,12902 ,39.8 ,124.267 ,2.9 ,1504.25 ,1.65 ,4.41 ,2.76 ,18.5 
1997000101,1997,1,74.8 ,68.7 ,571385 ,377285 ,12609 ,38.1 ,125.351 ,3.0 ,1379.78 ,1.93 ,4.47 ,2.54 ,12.0 
1997000202,1997,2,75.8 ,68.6 ,569130 ,427431 ,12463 ,36.5 ,125.513 ,2.9 ,1386.68 ,1.95 ,4.52 ,2.57 ,16.2 
1997000303,1997,3,71.6 ,68.0 ,573437 ,359973 ,11168 ,34.8 ,126.202 ,2.7 ,1373.32 ,2.12 ,4.57 ,2.45 ,5.2 
1997000404,1997,4,77.9 ,69.4 ,561930 ,383284 ,11338 ,35.9 ,125.227 ,3.2 ,1376.32 ,2.04 ,4.59 ,2.55 ,-0.6 
1997000505,1997,5,78.5 ,68.1 ,560797 ,423850 ,11711 ,36.9 ,124.150 ,3.1 ,1491.62 ,1.87 ,4.63 ,2.76 ,9.1 
1997000606,1997,6,81.9 ,70.4 ,565920 ,390490 ,10624 ,38.0 ,122.015 ,2.9 ,1528.60 ,2.06 ,4.66 ,2.60 ,9.7 
1997000707,1997,7,81.8 ,69.6 ,558291 ,396276 ,10010 ,38.1 ,122.050 ,3.0 ,1527.82 ,2.12 ,4.49 ,2.37 ,9.5 
1997000808,1997,8,83.6 ,71.8 ,563913 ,379624 ,10240 ,38.3 ,121.453 ,3.2 ,1478.76 ,2.12 ,4.33 ,2.21 ,6.1 
1997000909,1997,9,80.1 ,72.1 ,559811 ,375407 ,9812 ,38.4 ,121.895 ,2.9 ,1412.48 ,2.04 ,4.16 ,2.12 ,1.2 
1997001010,1997,10,81.6 ,72.2 ,549223 ,383527 ,10081 ,36.7 ,118.912 ,2.9 ,1343.19 ,2.21 ,4.03 ,1.82 ,-3.3 
1997001111,1997,11,86.4 ,76.2 ,541191 ,378223 ,10027 ,35.1 ,118.923 ,3.2 ,1236.06 ,1.90 ,3.89 ,1.99 ,-8.2 
1997001212,1997,12,86.6 ,76.7 ,542298 ,346068 ,9819 ,33.4 ,117.694 ,3.8 ,1203.96 ,1.85 ,3.76 ,1.91 ,-15.2 
1998000101,1998,1,87.6 ,78.5 ,517488 ,358115 ,10009 ,33.5 ,117.056 ,4.5 ,1211.73 ,1.60 ,3.60 ,2.00 ,-15.0 
1998000202,1998,2,89.0 ,79.8 ,506734 ,322766 ,10074 ,33.7 ,114.406 ,5.0 ,1269.44 ,1.55 ,3.45 ,1.90 ,-16.4 
1998000303,1998,3,89.6 ,80.3 ,495245 ,376419 ,9593 ,33.8 ,113.884 ,4.5 ,1264.62 ,1.42 ,3.30 ,1.88 ,-27.6 
1998000404,1998,4,88.7 ,81.5 ,492679 ,322500 ,9526 ,33.3 ,112.482 ,3.6 ,1222.01 ,1.49 ,3.22 ,1.73 ,-23.1 
1998000505,1998,5,84.8 ,82.7 ,498018 ,293131 ,9723 ,32.7 ,111.966 ,3.9 ,1214.17 ,1.69 ,3.15 ,1.46 ,-16.3 
1998000606,1998,6,84.5 ,81.2 ,485378 ,305434 ,9309 ,32.2 ,111.029 ,3.4 ,1191.15 ,1.45 ,3.07 ,1.62 ,-21.9 
1998000707,1998,7,84.3 ,81.7 ,475441 ,297076 ,9164 ,31.9 ,110.970 ,3.5 ,1260.55 ,1.44 ,2.99 ,1.55 ,-24.1 
1998000808,1998,8,84.9 ,83.7 ,498343 ,292210 ,9076 ,31.6 ,109.825 ,3.8 ,1177.70 ,1.59 ,2.91 ,1.32 ,-22.8 
1998000909,1998,9,84.0 ,80.2 ,472829 ,317690 ,8724 ,31.3 ,107.895 ,3.8 ,1085.40 ,2.05 ,2.83 ,0.78 ,-20.2 
1998001010,1998,10,85.5 ,79.8 ,464598 ,262812 ,9003 ,31.9 ,103.933 ,3.9 ,1023.68 ,1.81 ,2.65 ,0.84 ,-23.5 
1998001111,1998,11,83.6 ,79.8 ,487787 ,278901 ,8675 ,32.6 ,103.693 ,4.3 ,1112.70 ,1.37 ,2.47 ,1.10 ,-16.6 
1998001212,1998,12,82.5 ,79.0 ,480535 ,270221 ,9135 ,33.2 ,101.971 ,3.9 ,1107.91 ,0.32 ,2.29 ,1.97 ,-13.0 
1999000101,1999,1,80.7 ,78.1 ,481302 ,281455 ,8796 ,33.9 ,101.202 ,3.6 ,1081.19 ,0.31 ,2.41 ,2.10 ,-13.2 
1999000202,1999,2,81.9 ,77.9 ,483178 ,276547 ,9585 ,34.7 ,100.378 ,3.4 ,1101.43 ,0.53 ,2.53 ,2.00 ,-11.4 
1999000303,1999,3,80.0 ,75.6 ,490426 ,288809 ,10128 ,35.4 ,99.902 ,3.7 ,1203.65 ,0.91 ,2.66 ,1.75 ,-9.5 
1999000404,1999,4,79.9 ,74.6 ,506879 ,267870 ,10065 ,35.3 ,100.306 ,3.9 ,1329.60 ,1.34 ,2.75 ,1.41 ,-2.3 
1999000505,1999,5,80.9 ,75.9 ,453973 ,282041 ,10056 ,35.2 ,101.140 ,4.1 ,1328.86 ,1.35 ,2.83 ,1.48 ,-3.7 
1999000606,1999,6,79.8 ,72.8 ,472978 ,270132 ,10660 ,35.1 ,102.370 ,4.3 ,1377.97 ,1.06 ,2.90 ,1.84 ,-2.1 
1999000707,1999,7,78.9 ,72.1 ,496685 ,282182 ,9718 ,35.5 ,102.062 ,4.0 ,1473.62 ,1.23 ,3.02 ,1.79 ,3.8 
1999000808,1999,8,78.0 ,72.1 ,484285 ,290062 ,9981 ,36.0 ,102.058 ,3.5 ,1465.58 ,1.23 ,3.14 ,1.91 ,3.0 
1999000909,1999,9,77.8 ,71.3 ,492048 ,294270 ,10040 ,36.4 ,102.300 ,3.3 ,1495.55 ,1.56 ,3.27 ,1.71 ,3.0 
1999001010,1999,10,76.9 ,70.9 ,508186 ,299114 ,9285 ,36.7 ,102.870 ,3.6 ,1518.76 ,1.55 ,3.36 ,1.81 ,7.7 
1999001111,1999,11,77.2 ,69.1 ,497922 ,297618 ,9563 ,37.1 ,102.650 ,2.9 ,1612.21 ,1.62 ,3.45 ,1.83 ,8.5 
1999001212,1999,12,76.8 ,69.3 ,508316 ,317976 ,9522 ,37.4 ,103.233 ,2.6 ,1637.52 ,1.88 ,3.53 ,1.65 ,10.9 
2000000101,2000,1,78.8 ,71.8 ,535617 ,329598 ,10798 ,37.7 ,104.701 ,2.6 ,1657.91 ,1.93 ,3.64 ,1.71 ,16.7 
2000000202,2000,2,75.2 ,69.0 ,528372 ,340674 ,10000 ,37.9 ,105.219 ,2.1 ,1711.97 ,1.93 ,3.77 ,1.84 ,12.6 
2000000303,2000,3,77.8 ,70.2 ,538001 ,302492 ,9847 ,38.2 ,103.769 ,1.9 ,1661.73 ,2.12 ,3.89 ,1.77 ,16.1 
2000000404,2000,4,78.3 ,70.4 ,555144 ,339806 ,10080 ,38.4 ,103.919 ,2.9 ,1661.89 ,2.22 ,3.98 ,1.76 ,11.2 
2000000505,2000,5,77.2 ,70.0 ,564639 ,343364 ,9718 ,38.7 ,104.311 ,2.2 ,1595.11 ,2.40 ,4.06 ,1.66 ,12.3 
2000000606,2000,6,76.5 ,69.4 ,585988 ,377423 ,10183 ,38.9 ,104.572 ,1.9 ,1566.27 ,2.39 ,4.15 ,1.76 ,7.4 
2000000707,2000,7,78.8 ,71.1 ,605865 ,360395 ,9741 ,39.1 ,105.646 ,2.0 ,1552.98 ,2.57 ,4.25 ,1.68 ,14.1 
2000000808,2000,8,75.9 ,68.8 ,610257 ,388990 ,9731 ,39.3 ,105.929 ,1.8 ,1493.44 ,2.43 ,4.33 ,1.90 ,13.8 
2000000909,2000,9,76.1 ,70.5 ,615264 ,353142 ,9871 ,39.5 ,107.467 ,2.0 ,1483.96 ,2.58 ,4.42 ,1.84 ,15.8 
2000001010,2000,10,77.6 ,72.0 ,624621 ,394255 ,9710 ,39.4 ,107.015 ,2.1 ,1443.34 ,2.66 ,4.48 ,1.82 ,16.0 
2000001111,2000,11,76.8 ,72.1 ,637409 ,385939 ,9811 ,39.3 ,107.155 ,1.9 ,1392.39 ,2.95 ,4.57 ,1.62 ,11.9 
2000001212,2000,12,76.0 ,72.3 ,634688 ,401771 ,10669 ,39.2 ,106.778 ,2.0 ,1336.78 ,3.01 ,4.65 ,1.64 ,9.0 
2001000101,2001,1,78.0 ,75.6 ,615461 ,363961 ,9233 ,37.9 ,105.809 ,2.2 ,1284.67 ,2.98 ,4.48 ,1.50 ,6.2 
2001000202,2001,2,77.1 ,76.9 ,618640 ,354491 ,9179 ,36.5 ,105.453 ,2.6 ,1257.92 ,3.00 ,4.30 ,1.30 ,3.7 
2001000303,2001,3,77.8 ,77.9 ,604612 ,344784 ,9547 ,35.2 ,106.399 ,2.5 ,1240.74 ,2.86 ,4.13 ,1.27 ,-7.4 
2001000404,2001,4,79.3 ,83.0 ,611569 ,333789 ,9160 ,35.3 ,106.495 ,2.3 ,1311.51 ,2.56 ,3.85 ,1.29 ,-9.2 
2001000505,2001,5,80.1 ,81.6 ,604371 ,327132 ,9127 ,35.3 ,105.592 ,2.6 ,1376.04 ,2.34 ,3.58 ,1.24 ,-8.4 
2001000606,2001,6,80.5 ,83.5 ,599274 ,300660 ,8834 ,35.4 ,105.062 ,2.9 ,1289.61 ,2.10 ,3.31 ,1.21 ,-11.9 
2001000707,2001,7,82.0 ,83.8 ,601079 ,304926 ,9462 ,33.9 ,103.052 ,3.0 ,1224.91 ,1.72 ,3.05 ,1.33 ,-18.2 
2001000808,2001,8,82.1 ,83.5 ,583771 ,334982 ,9528 ,32.4 ,102.176 ,2.9 ,1174.71 ,1.41 ,2.79 ,1.38 ,-17.4 
2001000909,2001,9,84.3 ,83.5 ,576815 ,290686 ,9158 ,30.9 ,100.376 ,3.2 ,1035.73 ,1.10 ,2.52 ,1.42 ,-19.2 
2001001010,2001,10,81.6 ,84.3 ,562524 ,235426 ,8767 ,30.9 ,100.179 ,2.9 ,1072.61 ,1.09 ,2.39 ,1.30 ,-23.7 
2001001111,2001,11,82.4 ,84.3 ,560059 ,279275 ,9157 ,32.2 ,99.203 ,3.0 ,1050.44 ,0.90 ,2.26 ,1.36 ,-24.4 
2001001212,2001,12,82.4 ,83.6 ,555381 ,261922 ,8747 ,30.9 ,100.218 ,3.3 ,1018.09 ,0.76 ,2.13 ,1.37 ,-15.0 
2002000101,2002,1,81.0 ,80.7 ,562867 ,258306 ,8958 ,34.0 ,100.928 ,3.5 ,999.01 ,0.77 ,2.25 ,1.48 ,-19.1 
2002000202,2002,2,81.0 ,78.2 ,574291 ,269962 ,9045 ,32.2 ,100.776 ,3.5 ,970.11 ,0.83 ,2.36 ,1.53 ,-12.9 
2002000303,2002,3,82.4 ,77.6 ,584478 ,304524 ,8857 ,35.6 ,101.155 ,3.7 ,1083.89 ,1.08 ,2.48 ,1.40 ,-8.8 
2002000404,2002,4,78.5 ,73.0 ,587126 ,267084 ,8953 ,36.2 ,101.649 ,3.5 ,1083.27 ,1.31 ,2.68 ,1.37 ,-2.6 
2002000505,2002,5,76.8 ,69.7 ,600442 ,262235 ,9438 ,37.8 ,102.619 ,3.5 ,1105.87 ,1.48 ,2.87 ,1.39 ,-0.9 
2002000606,2002,6,77.6 ,71.5 ,597383 ,277880 ,8647 ,37.1 ,103.917 ,3.4 ,1056.54 ,1.75 ,3.07 ,1.32 ,2.2 
2002000707,2002,7,75.4 ,69.7 ,595328 ,303067 ,8327 ,38.0 ,101.530 ,3.3 ,1003.17 ,1.87 ,3.19 ,1.32 ,3.6 
2002000808,2002,8,75.0 ,70.2 ,606017 ,276882 ,8572 ,37.7 ,102.277 ,3.4 ,956.43 ,2.14 ,3.32 ,1.18 ,6.1 
2002000909,2002,9,76.1 ,71.0 ,610380 ,293766 ,8379 ,36.3 ,102.306 ,3.2 ,916.01 ,2.27 ,3.45 ,1.18 ,2.0 
2002001010,2002,10,75.9 ,69.9 ,615006 ,298132 ,8741 ,35.3 ,104.028 ,3.3 ,871.56 ,2.62 ,3.61 ,0.99 ,3.0 
2002001111,2002,11,74.3 ,69.9 ,608816 ,286296 ,8398 ,35.7 ,104.953 ,3.2 ,856.11 ,2.75 ,3.75 ,1.00 ,5.8 
2002001212,2002,12,75.9 ,70.5 ,619766 ,295750 ,8357 ,33.6 ,105.515 ,2.2 ,847.24 ,2.99 ,3.89 ,0.90 ,4.5 
2003000101,2003,1,77.6 ,69.3 ,631081 ,341553 ,8458 ,33.8 ,106.752 ,1.9 ,847.86 ,3.00 ,3.81 ,0.81 ,2.6 
2003000202,2003,2,74.2 ,68.3 ,633411 ,312250 ,8605 ,34.1 ,108.276 ,1.9 ,841.75 ,2.96 ,3.74 ,0.78 ,-2.5 
2003000303,2003,3,75.5 ,69.5 ,645082 ,324548 ,8446 ,33.5 ,108.918 ,1.7 ,802.14 ,2.97 ,3.67 ,0.70 ,3.7 
2003000404,2003,4,74.0 ,70.0 ,640289 ,287138 ,8829 ,35.4 ,108.065 ,1.3 ,791.55 ,3.05 ,3.66 ,0.61 ,2.5 
2003000505,2003,5,73.0 ,68.4 ,644419 ,341128 ,8493 ,36.0 ,107.147 ,1.6 ,820.42 ,3.10 ,3.63 ,0.53 ,-0.8 
2003000606,2003,6,73.6 ,70.4 ,653360 ,347154 ,9636 ,35.2 ,107.543 ,1.8 ,879.19 ,2.79 ,3.61 ,0.82 ,1.2 
2003000707,2003,7,74.1 ,68.3 ,674017 ,340550 ,8508 ,36.6 ,108.985 ,1.8 ,949.44 ,2.79 ,3.72 ,0.93 ,2.4 
2003000808,2003,8,73.8 ,69.3 ,682251 ,337212 ,8222 ,38.7 ,108.262 ,1.9 ,965.77 ,2.38 ,3.85 ,1.47 ,1.7 
2003000909,2003,9,71.4 ,67.6 ,696374 ,352934 ,8556 ,38.6 ,108.282 ,1.8 ,1038.26 ,2.60 ,3.98 ,1.38 ,11.3 
2003001010,2003,10,70.6 ,65.0 ,707533 ,385464 ,8691 ,40.3 ,111.275 ,1.5 ,1062.92 ,2.53 ,4.00 ,1.47 ,11.0 
2003001111,2003,11,74.9 ,69.8 ,718043 ,372274 ,8417 ,40.0 ,110.460 ,1.5 ,1007.04 ,2.70 ,4.01 ,1.31 ,13.6 
2003001212,2003,12,69.4 ,65.2 ,739086 ,368295 ,8918 ,38.2 ,111.260 ,1.5 ,1010.30 ,2.66 ,4.02 ,1.36 ,10.9 
2004000101,2004,1,67.6 ,64.6 ,727646 ,381185 ,8846 ,39.3 ,113.551 ,1.6 ,1061.40 ,2.88 ,4.20 ,1.32 ,14.9 
2004000202,2004,2,70.7 ,65.2 ,708340 ,377277 ,8742 ,40.2 ,116.821 ,1.7 ,1045.70 ,3.15 ,4.37 ,1.22 ,14.6 
2004000303,2004,3,70.6 ,64.6 ,728859 ,375437 ,8855 ,41.5 ,119.731 ,1.7 ,1137.66 ,3.11 ,4.55 ,1.44 ,15.1 
2004000404,2004,4,73.0 ,64.6 ,742912 ,419635 ,8486 ,42.4 ,119.795 ,1.8 ,1200.99 ,3.10 ,4.64 ,1.54 ,13.6 
2004000505,2004,5,73.9 ,65.3 ,742782 ,406546 ,8775 ,44.4 ,122.794 ,2.0 ,1113.85 ,3.21 ,4.74 ,1.53 ,15.2 
2004000606,2004,6,72.1 ,64.2 ,756655 ,396355 ,8820 ,41.6 ,122.926 ,1.7 ,1158.74 ,3.07 ,4.85 ,1.78 ,11.3 
2004000707,2004,7,69.3 ,62.7 ,758830 ,378868 ,9258 ,45.8 ,123.543 ,1.8 ,1146.49 ,3.00 ,4.85 ,1.85 ,17.8 
2004000808,2004,8,73.8 ,65.4 ,762017 ,398788 ,8839 ,46.1 ,125.081 ,1.9 ,1114.78 ,3.30 ,4.84 ,1.54 ,11.8 
2004000909,2004,9,73.3 ,64.9 ,775746 ,380562 ,9417 ,43.4 ,126.178 ,2.1 ,1122.40 ,3.39 ,4.83 ,1.44 ,11.1 
2004001010,2004,10,72.4 ,66.0 ,796232 ,384550 ,8737 ,45.4 ,126.294 ,2.0 ,1108.48 ,3.34 ,4.83 ,1.49 ,11.5 
2004001111,2004,11,71.6 ,64.9 ,824611 ,400481 ,8124 ,45.4 ,127.013 ,2.0 ,1101.78 ,3.38 ,4.83 ,1.45 ,7.5 
2004001212,2004,12,67.0 ,65.3 ,803400 ,427084 ,8606 ,42.3 ,126.864 ,2.0 ,1110.39 ,3.39 ,4.83 ,1.44 ,14.5 
2005000101,2005,1,71.0 ,67.0 ,800057 ,388438 ,9269 ,44.8 ,126.146 ,1.9 ,1144.09 ,3.61 ,4.93 ,1.32 ,6.2 
2005000202,2005,2,73.4 ,67.4 ,800017 ,419471 ,8404 ,44.8 ,127.502 ,1.8 ,1159.71 ,3.56 ,5.03 ,1.47 ,7.3 
2005000303,2005,3,72.9 ,66.4 ,818414 ,454222 ,8647 ,42.0 ,129.281 ,2.0 ,1191.82 ,3.80 ,5.12 ,1.32 ,8.4 
2005000404,2005,4,68.9 ,66.9 ,821530 ,454320 ,8265 ,44.3 ,129.816 ,1.8 ,1158.22 ,3.86 ,5.10 ,1.24 ,8.8 
2005000505,2005,5,73.0 ,68.0 ,829649 ,394554 ,8986 ,44.4 ,128.586 ,1.4 ,1134.29 ,3.83 ,5.08 ,1.25 ,11.0 
2005000606,2005,6,71.7 ,66.9 ,834263 ,402229 ,8816 ,43.3 ,128.660 ,1.6 ,1159.35 ,3.90 ,5.07 ,1.17 ,10.7 
2005000707,2005,7,72.0 ,69.0 ,832003 ,439674 ,9535 ,45.3 ,130.967 ,1.6 ,1189.41 ,3.76 ,5.07 ,1.31 ,7.3 
2005000808,2005,8,71.7 ,68.3 ,834107 ,442064 ,9023 ,45.5 ,131.605 ,1.6 ,1241.61 ,3.72 ,5.06 ,1.34 ,12.9 
2005000909,2005,9,73.0 ,68.1 ,834544 ,436776 ,9078 ,42.8 ,132.202 ,2.0 ,1333.02 ,3.57 ,5.05 ,1.48 ,11.1 
2005001010,2005,10,70.8 ,68.3 ,829994 ,448775 ,9168 ,45.2 ,134.825 ,1.9 ,1400.34 ,3.53 ,5.08 ,1.55 ,13.6 
2005001111,2005,11,71.8 ,68.4 ,855905 ,446232 ,8995 ,45.7 ,135.787 ,2.0 ,1505.63 ,3.65 ,5.10 ,1.45 ,18.7 
2005001212,2005,12,72.0 ,68.1 ,841041 ,448522 ,8351 ,44.5 ,138.398 ,1.9 ,1611.10 ,3.65 ,5.12 ,1.47 ,26.2 
2006000101,2006,1,72.4 ,68.6 ,852862 ,426897 ,8572 ,47.0 ,142.060 ,1.8 ,1654.17 ,3.57 ,5.13 ,1.56 ,19.8 
2006000202,2006,2,72.9 ,68.2 ,865769 ,460799 ,9146 ,47.1 ,142.571 ,1.7 ,1653.33 ,3.56 ,5.15 ,1.59 ,19.8 
2006000303,2006,3,72.4 ,67.9 ,844771 ,464843 ,8617 ,44.8 ,143.471 ,1.4 ,1665.10 ,3.40 ,5.17 ,1.77 ,19.0 
2006000404,2006,4,72.7 ,67.3 ,858312 ,481194 ,9166 ,46.5 ,148.406 ,1.6 ,1745.00 ,3.27 ,5.19 ,1.92 ,17.6 
2006000505,2006,5,70.4 ,68.0 ,869166 ,447186 ,9318 ,45.9 ,150.488 ,1.3 ,1657.22 ,3.39 ,5.22 ,1.83 ,17.5 
2006000606,2006,6,70.7 ,66.8 ,861830 ,513556 ,9174 ,43.8 ,149.775 ,1.1 ,1532.82 ,3.33 ,5.25 ,1.92 ,11.7 
2006000707,2006,7,72.4 ,67.7 ,867435 ,460329 ,8658 ,45.5 ,151.787 ,0.5 ,1549.25 ,3.42 ,5.34 ,1.92 ,10.4 
2006000808,2006,8,70.7 ,65.4 ,863916 ,490361 ,9235 ,44.6 ,152.659 ,0.4 ,1601.79 ,3.80 ,5.42 ,1.62 ,14.4 
2006000909,2006,9,70.4 ,67.3 ,857953 ,478865 ,9283 ,43.2 ,152.471 ,0.5 ,1599.36 ,3.83 ,5.50 ,1.67 ,12.9 
2006001010,2006,10,72.8 ,67.1 ,830677 ,447796 ,9202 ,45.4 ,155.516 ,0.5 ,1635.35 ,3.82 ,5.54 ,1.72 ,16.3 
2006001111,2006,11,72.1 ,67.5 ,855417 ,465198 ,9345 ,46.1 ,156.554 ,0.6 ,1580.23 ,3.95 ,5.60 ,1.65 ,16.1 
2006001212,2006,12,71.7 ,67.7 ,856829 ,465251 ,9116 ,44.2 ,158.921 ,0.7 ,1646.40 ,3.98 ,5.66 ,1.68 ,16.4 
2007000101,2007,1,70.8 ,67.0 ,825291 ,462284 ,8383 ,46.0 ,158.716 ,0.9 ,1708.42 ,3.92 ,5.62 ,1.70 ,17.4 
2007000202,2007,2,70.3 ,68.0 ,842244 ,460551 ,8451 ,46.0 ,159.424 ,1.0 ,1765.50 ,3.96 ,5.59 ,1.63 ,19.4 
2007000303,2007,3,70.5 ,69.7 ,844035 ,444641 ,8993 ,43.9 ,163.063 ,1.1 ,1711.78 ,3.90 ,5.55 ,1.65 ,17.5 
2007000404,2007,4,71.0 ,68.8 ,836212 ,438711 ,8943 ,44.2 ,168.185 ,1.1 ,1714.63 ,3.90 ,5.52 ,1.62 ,15.2 
2007000505,2007,5,71.2 ,66.6 ,823085 ,466373 ,8310 ,43.5 ,169.648 ,1.4 ,1724.49 ,3.71 ,5.46 ,1.75 ,10.6 
2007000606,2007,6,72.5 ,68.4 ,819578 ,410001 ,9536 ,41.6 ,171.893 ,1.8 ,1768.46 ,3.53 ,5.40 ,1.87 ,11.7 
2007000707,2007,7,71.7 ,67.6 ,810943 ,451289 ,6673 ,41.4 ,175.312 ,2.0 ,1762.62 ,3.49 ,5.28 ,1.79 ,9.9 
2007000808,2007,8,71.6 ,66.6 ,799197 ,449588 ,5407 ,41.2 ,171.161 ,1.8 ,1606.10 ,3.58 ,5.18 ,1.60 ,9.2 
2007000909,2007,9,74.3 ,70.0 ,779312 ,473595 ,5762 ,40.9 ,173.351 ,1.7 ,1562.37 ,3.41 ,5.09 ,1.68 ,9.6 
2007001010,2007,10,73.0 ,65.0 ,769743 ,490350 ,6463 ,40.1 ,175.721 ,1.9 ,1619.67 ,3.45 ,5.05 ,1.60 ,8.4 
2007001111,2007,11,74.4 ,67.0 ,748010 ,485429 ,6794 ,37.9 ,173.218 ,2.0 ,1504.90 ,3.57 ,5.03 ,1.46 ,11.7 
2007001212,2007,12,74.3 ,67.4 ,733423 ,460865 ,7248 ,36.8 ,172.334 ,2.1 ,1510.22 ,3.50 ,5.00 ,1.50 ,13.4 
2008000101,2008,1,72.1 ,67.3 ,738734 ,481050 ,7680 ,36.2 ,172.938 ,2.1 ,1337.71 ,3.52 ,4.96 ,1.44 ,13.1 
2008000202,2008,2,72.1 ,65.8 ,741011 ,454024 ,7751 ,35.2 ,180.651 ,2.4 ,1328.42 ,3.55 ,4.91 ,1.36 ,7.4 
2008000303,2008,3,76.2 ,66.7 ,687760 ,427431 ,7758 ,34.7 ,182.145 ,2.3 ,1228.87 ,3.59 ,4.87 ,1.28 ,5.7 
2008000404,2008,4,68.9 ,68.8 ,702162 ,441001 ,7980 ,32.7 ,187.634 ,1.9 ,1294.08 ,3.09 ,4.67 ,1.58 ,2.1 
2008000505,2008,5,70.3 ,69.5 ,702404 ,456313 ,7807 ,31.0 ,193.277 ,2.1 ,1373.83 ,2.73 ,4.47 ,1.74 ,-0.3 
2008000606,2008,6,74.3 ,72.2 ,684611 ,451725 ,7777 ,29.9 ,198.164 ,2.2 ,1380.74 ,2.66 ,4.27 ,1.61 ,-1.9 
2008000707,2008,7,74.1 ,69.6 ,670503 ,422912 ,7715 ,28.8 ,201.914 ,2.1 ,1290.26 ,2.61 ,4.14 ,1.53 ,-7.4 
2008000808,2008,8,78.5 ,76.1 ,669081 ,410401 ,7883 ,27.8 ,199.048 ,2.4 ,1247.10 ,2.60 ,4.01 ,1.41 ,-7.0 
2008000909,2008,9,77.7 ,75.4 ,645485 ,421125 ,8102 ,28.8 ,191.535 ,2.2 ,1165.80 ,2.39 ,3.87 ,1.48 ,-11.1 
2008001010,2008,10,79.5 ,78.0 ,634327 ,393912 ,7175 ,27.4 ,173.662 ,1.8 ,913.49 ,1.18 ,2.66 ,1.48 ,-17.0 
2008001111,2008,11,85.8 ,93.4 ,623862 ,285465 ,6599 ,27.1 ,158.652 ,1.8 ,857.92 ,0.04 ,1.44 ,1.40 ,-22.9 
2008001212,2008,12,89.4 ,107.0 ,646836 ,291780 ,6486 ,25.9 ,147.854 ,1.8 ,827.40 ,-0.98 ,0.19 ,1.17 ,-30.6 
2009000101,2009,1,105.4 ,111.7 ,603284 ,209721 ,6225 ,25.8 ,143.107 ,2.0 ,819.66 ,-2.18 ,-0.91 ,1.27 ,-43.3 
2009000202,2009,2,107.3 ,120.2 ,525404 ,196846 ,6105 ,26.0 ,139.699 ,2.1 ,762.16 ,-3.32 ,-2.05 ,1.27 ,-41.9 
2009000303,2009,3,102.3 ,107.9 ,523109 ,232081 ,6006 ,27.6 ,139.827 ,2.2 ,756.52 ,-4.56 ,-3.22 ,1.34 ,-36.0 
2009000404,2009,4,100.9 ,98.9 ,516148 ,224583 ,5596 ,30.2 ,143.336 ,2.7 ,832.63 ,-3.77 ,-2.34 ,1.43 ,-18.8 
2009000505,2009,5,99.4 ,94.3 ,493498 ,242595 ,5692 ,32.8 ,141.840 ,2.7 ,882.40 ,-2.92 ,-1.44 ,1.48 ,-11.6 
2009000606,2009,6,93.5 ,87.5 ,509473 ,258078 ,5534 ,34.3 ,144.971 ,2.5 ,921.57 ,-1.89 ,-0.54 ,1.35 ,-8.1 
2009000707,2009,7,90.7 ,82.4 ,513653 ,208102 ,5532 ,36.3 ,146.320 ,2.7 ,903.66 ,-1.33 ,0.09 ,1.42 ,-6.7 
2009000808,2009,8,87.7 ,83.6 ,512577 ,230476 ,5177 ,37.0 ,150.133 ,2.8 ,961.13 ,-0.58 ,0.73 ,1.31 ,-4.4 
2009000909,2009,9,83.9 ,78.5 ,525120 ,247120 ,5359 ,37.4 ,148.890 ,3.0 ,937.02 ,0.07 ,1.37 ,1.30 ,0.0 
2009001010,2009,10,83.1 ,75.1 ,524960 ,301384 ,5649 ,37.8 ,151.728 ,3.4 ,895.10 ,0.45 ,1.86 ,1.41 ,2.8 
2009001111,2009,11,80.6 ,75.2 ,525780 ,238414 ,5685 ,37.8 ,151.370 ,3.3 ,855.14 ,1.09 ,2.35 ,1.26 ,0.7 
2009001212,2009,12,77.1 ,71.0 ,532497 ,277398 ,5824 ,36.6 ,153.228 ,3.1 ,892.90 ,1.54 ,2.83 ,1.29 ,-0.5 
2010000101,2010,1,76.0 ,70.2 ,529683 ,282732 ,5993 ,37.7 ,153.391 ,3.0 ,936.12 ,1.75 ,3.07 ,1.32 ,-0.5 
2010000202,2010,2,76.5 ,74.2 ,515424 ,270804 ,5626 ,38.2 ,154.897 ,2.7 ,896.61 ,2.01 ,3.31 ,1.30 ,3.9 
2010000303,2010,3,72.6 ,67.6 ,537858 ,276735 ,6050 ,38.9 ,159.782 ,2.7 ,936.98 ,2.15 ,3.55 ,1.40 ,6.6 
2010000404,2010,4,71.5 ,68.8 ,542156 ,290055 ,5971 ,39.4 ,165.893 ,2.9 ,987.60 ,2.28 ,3.56 ,1.28 ,5.1 
2010000505,2010,5,72.8 ,70.0 ,557609 ,268369 ,5724 ,39.5 ,162.444 ,3.1 ,907.38 ,2.31 ,3.57 ,1.26 ,8.0 
2010000606,2010,6,71.6 ,69.4 ,571488 ,279959 ,5923 ,39.7 ,160.524 ,2.9 ,873.79 ,2.49 ,3.58 ,1.09 ,5.6 
2010000707,2010,7,70.8 ,69.8 ,575767 ,302096 ,5917 ,39.7 ,159.907 ,2.7 ,846.85 ,2.51 ,3.57 ,1.06 ,5.9 
2010000808,2010,8,70.1 ,70.5 ,590956 ,331640 ,6175 ,39.2 ,159.511 ,2.8 ,834.51 ,2.58 ,3.56 ,0.98 ,1.9 
2010000909,2010,9,70.7 ,70.7 ,599830 ,298356 ,6443 ,38.2 ,161.891 ,2.8 ,836.55 ,2.63 ,3.56 ,0.93 ,-9.3 
2010001010,2010,10,74.9 ,74.5 ,616858 ,318592 ,6246 ,38.3 ,163.504 ,2.8 ,827.07 ,2.65 ,3.57 ,0.92 ,-3.3 
2010001111,2010,11,73.0 ,70.5 ,619941 ,298834 ,6206 ,38.8 ,164.576 ,2.6 ,849.90 ,2.37 ,3.56 ,1.19 ,-0.3 
2010001212,2010,12,75.7 ,72.1 ,616063 ,304847 ,6551 ,39.0 ,168.232 ,2.3 ,894.54 ,2.45 ,3.56 ,1.11 ,4.4 
2011000101,2011,1,77.2 ,71.5 ,627421 ,323377 ,6301 ,39.2 ,171.842 ,2.3 ,924.36 ,2.18 ,3.40 ,1.22 ,6.9 
2011000202,2011,2,73.5 ,74.5 ,635217 ,325265 ,6204 ,38.7 ,176.137 ,2.4 ,948.61 ,1.98 ,3.24 ,1.26 ,14.2 
2011000303,2011,3,70.6 ,80.1 ,599542 ,325701 ,6129 ,36.2 ,178.951 ,2.6 ,883.59 ,1.83 ,3.09 ,1.26 ,10.5 
2011000404,2011,4,83.2 ,84.6 ,623808 ,317001 ,6046 ,31.2 ,180.965 ,2.7 ,843.89 ,1.66 ,2.86 ,1.20 ,-22.5 
2011000505,2011,5,79.9 ,93.1 ,635577 ,336894 ,6056 ,32.1 ,179.801 ,2.7 ,837.02 ,1.49 ,2.64 ,1.15 ,-11.5 
2011000606,2011,6,68.9 ,83.1 ,643256 ,345780 ,6313 ,33.1 ,178.005 ,2.8 ,822.06 ,1.29 ,2.42 ,1.13 ,-1.3 
2011000707,2011,7,69.1 ,84.1 ,667304 ,313709 ,7291 ,34.6 ,177.515 ,2.9 ,861.29 ,1.51 ,2.59 ,1.08 ,2.7 
2011000808,2011,8,70.4 ,81.6 ,671104 ,343021 ,7026 ,34.7 ,174.503 ,2.7 ,778.73 ,1.73 ,2.76 ,1.03 ,5.2 
2011000909,2011,9,71.0 ,83.3 ,675209 ,315986 ,5772 ,35.9 ,168.897 ,2.7 ,753.81 ,1.90 ,2.92 ,1.02 ,8.9 
2011001010,2011,10,69.2 ,84.4 ,692019 ,329703 ,5838 ,36.4 ,169.095 ,2.8 ,750.34 ,1.73 ,2.78 ,1.05 ,4.6 
2011001111,2011,11,70.4 ,84.9 ,700299 ,324853 ,6176 ,36.3 ,166.651 ,3.0 ,730.12 ,1.58 ,2.65 ,1.07 ,5.1 
2011001212,2011,12,66.9 ,82.6 ,702410 ,322231 ,6080 ,36.8 ,165.195 ,3.1 ,732.53 ,1.53 ,2.51 ,0.98 ,1.7 
2012000101,2012,1,70.2 ,83.7 ,706425 ,323737 ,6180 ,37.5 ,169.100 ,3.0 ,744.40 ,1.62 ,2.59 ,0.97 ,6.1 
2012000202,2012,2,71.8 ,80.2 ,710037 ,341917 ,6540 ,37.4 ,171.372 ,2.9 ,799.32 ,1.71 ,2.67 ,0.96 ,2.4 
2012000303,2012,3,78.9 ,79.9 ,716249 ,313038 ,6442 ,37.6 ,173.106 ,3.0 ,850.37 ,1.76 ,2.75 ,0.99 ,6.3 
2012000404,2012,4,80.4 ,80.6 ,724667 ,319222 ,6504 ,37.4 ,172.526 ,2.6 ,817.43 ,1.85 ,2.74 ,0.89 ,5.7 
2012000505,2012,5,79.3 ,79.1 ,735556 ,317100 ,6575 ,37.8 ,166.968 ,2.2 ,745.33 ,1.90 ,2.73 ,0.83 ,4.4 
2012000606,2012,6,79.3 ,81.2 ,733296 ,302849 ,6304 ,37.6 ,164.232 ,2.3 ,733.19 ,1.89 ,2.72 ,0.83 ,0.4 
2012000707,2012,7,82.5 ,83.5 ,734553 ,318733 ,6568 ,37.4 ,163.420 ,2.3 ,746.00 ,1.95 ,2.73 ,0.78 ,-4.6 
2012000808,2012,8,82.8 ,83.7 ,744934 ,291824 ,6564 ,37.9 ,164.424 ,2.4 ,748.73 ,1.93 ,2.73 ,0.80 ,-6.8 
2012000909,2012,9,85.1 ,85.4 ,738931 ,286541 ,6464 ,37.8 ,166.262 ,2.4 ,742.65 ,1.96 ,2.73 ,0.77 ,-10.4 
2012001010,2012,10,84.2 ,84.5 ,737931 ,273913 ,6897 ,37.6 ,163.824 ,2.3 ,736.24 ,1.88 ,2.66 ,0.78 ,-8.8 
2012001111,2012,11,85.3 ,84.6 ,742311 ,286365 ,6677 ,37.7 ,166.279 ,2.1 ,753.21 ,1.89 ,2.59 ,0.70 ,-13.8 
2012001212,2012,12,84.5 ,84.5 ,745455 ,288622 ,6587 ,37.5 ,169.679 ,2.6 ,811.87 ,1.72 ,2.52 ,0.80 ,-8.5 
2013000101,2013,1,79.3 ,86.4 ,750781 ,267697 ,6667 ,40.6 ,173.500 ,2.7 ,901.20 ,2.15 ,2.89 ,0.74 ,-11.0 
2013000202,2013,2,77.4 ,84.8 ,774550 ,289664 ,6794 ,41.5 ,174.999 ,2.9 ,961.02 ,2.56 ,3.23 ,0.67 ,1.3 
2013000303,2013,3,76.8 ,82.2 ,775531 ,301117 ,6896 ,42.1 ,175.959 ,3.0 ,1028.55 ,3.02 ,3.58 ,0.56 ,2.0 
2013000404,2013,4,74.3 ,82.1 ,766816 ,282716 ,6892 ,44.8 ,176.051 ,3.2 ,1110.41 ,3.01 ,3.61 ,0.60 ,3.5 
2013000505,2013,5,73.8 ,81.5 ,780614 ,295984 ,7439 ,45.2 ,177.618 ,3.5 ,1203.38 ,2.80 ,3.66 ,0.86 ,7.1 
2013000606,2013,6,74.2 ,81.3 ,794192 ,316881 ,7261 ,43.7 ,175.427 ,3.8 ,1089.48 ,2.84 ,3.70 ,0.86 ,5.0 
2013000707,2013,7,74.1 ,79.6 ,797506 ,305604 ,7243 ,43.5 ,176.854 ,3.7 ,1186.91 ,2.96 ,3.76 ,0.80 ,9.8 
2013000808,2013,8,71.4 ,79.9 ,800444 ,328102 ,7261 ,42.7 ,180.025 ,3.8 ,1145.42 ,3.12 ,3.84 ,0.72 ,7.8 
2013000909,2013,9,72.5 ,79.8 ,816314 ,330661 ,7604 ,45.5 ,180.555 ,3.8 ,1185.18 ,3.23 ,3.91 ,0.68 ,10.9 
2013001010,2013,10,71.5 ,79.7 ,819874 ,335843 ,7546 ,41.7 ,181.605 ,4.1 ,1188.51 ,3.47 ,4.06 ,0.59 ,14.4 
2013001111,2013,11,69.2 ,77.6 ,811925 ,350625 ,7646 ,42.9 ,184.132 ,4.3 ,1222.90 ,3.59 ,4.19 ,0.60 ,15.1 
2013001212,2013,12,70.7 ,78.3 ,825575 ,303628 ,7689 ,41.6 ,188.334 ,4.2 ,1254.45 ,3.59 ,4.33 ,0.74 ,17.2 
2014000101,2014,1,71.0 ,78.2 ,852362 ,334755 ,7470 ,40.3 ,187.995 ,4.3 ,1275.17 ,3.76 ,4.38 ,0.62 ,19.6 
2014000202,2014,2,72.1 ,78.8 ,827686 ,317282 ,6700 ,38.6 ,189.005 ,4.0 ,1200.83 ,3.85 ,4.43 ,0.58 ,10.7 
2014000303,2014,3,65.0 ,79.2 ,825784 ,384126 ,6435 ,37.2 ,187.695 ,3.5 ,1190.57 ,3.85 ,4.49 ,0.64 ,3.9 
2014000404,2014,4,74.9 ,80.1 ,844984 ,334233 ,6381 ,37.3 ,187.313 ,3.4 ,1171.18 ,3.55 ,4.17 ,0.62 ,-11.7 
2014000505,2014,5,76.8 ,80.7 ,829644 ,293929 ,6009 ,39.0 ,186.105 ,3.3 ,1174.62 ,3.27 ,3.84 ,0.57 ,-0.2 
2014000606,2014,6,81.9 ,81.2 ,833406 ,303701 ,6190 ,40.4 ,187.031 ,3.0 ,1246.22 ,2.94 ,3.51 ,0.57 ,1.6 
2014000707,2014,7,79.3 ,81.0 ,833746 ,343679 ,5979 ,41.5 ,187.984 ,3.0 ,1275.72 ,3.16 ,3.69 ,0.53 ,4.6 
2014000808,2014,8,81.2 ,82.3 ,829938 ,338221 ,6096 ,40.8 ,187.760 ,3.0 ,1271.50 ,3.37 ,3.86 ,0.49 ,13.0 
2014000909,2014,9,79.5 ,81.9 ,833538 ,368629 ,6129 ,40.1 ,186.677 ,3.0 ,1313.29 ,3.50 ,4.03 ,0.53 ,9.7 
2014001010,2014,10,80.1 ,81.5 ,828575 ,339118 ,6248 ,39.3 ,185.780 ,3.1 ,1253.99 ,3.64 ,4.09 ,0.45 ,5.4 
2014001111,2014,11,81.0 ,82.8 ,838352 ,340015 ,6136 ,38.2 ,186.985 ,3.6 ,1385.33 ,3.75 ,4.17 ,0.42 ,6.3 
2014001212,2014,12,80.4 ,84.1 ,844312 ,387598 ,6169 ,39.0 ,183.036 ,3.5 ,1411.59 ,3.92 ,4.25 ,0.33 ,1.3 
2015000101,2015,1,78.6 ,83.0 ,865329 ,361884 ,6282 ,39.0 ,176.003 ,3.3 ,1389.14 ,3.91 ,4.19 ,0.28 ,0.2 
2015000202,2015,2,79.4 ,84.5 ,837559 ,362360 ,6245 ,40.8 ,177.430 ,3.5 ,1461.08 ,3.78 ,4.11 ,0.33 ,1.0 
2015000303,2015,3,79.1 ,85.2 ,830553 ,363092 ,6208 ,41.3 ,175.260 ,3.6 ,1553.83 ,3.63 ,4.03 ,0.40 ,6.8 
2015000404,2015,4,76.8 ,84.7 ,846686 ,387593 ,6201 ,41.9 ,177.106 ,3.6 ,1590.91 ,3.72 ,4.06 ,0.34 ,5.4 
2015000505,2015,5,76.6 ,83.6 ,849571 ,445372 ,6227 ,41.4 ,178.137 ,4.1 ,1626.44 ,3.71 ,4.10 ,0.39 ,7.2 
2015000606,2015,6,77.0 ,84.4 ,856475 ,379095 ,6821 ,41.6 ,176.769 ,3.8 ,1652.72 ,3.67 ,4.13 ,0.46 ,7.5 
2015000707,2015,7,76.6 ,85.0 ,867642 ,352955 ,6242 ,41.0 ,174.461 ,3.9 ,1637.30 ,3.76 ,4.17 ,0.41 ,3.7 
2015000808,2015,8,77.6 ,86.5 ,870172 ,345777 ,6329 ,41.7 ,169.466 ,4.1 ,1613.59 ,3.83 ,4.21 ,0.38 ,3.1 
2015000909,2015,9,76.3 ,85.0 ,868810 ,344082 ,6185 ,40.8 ,166.020 ,3.8 ,1455.30 ,3.90 ,4.25 ,0.35 ,4.6 
2015001010,2015,10,74.9 ,84.1 ,895956 ,364822 ,6043 ,41.6 ,165.098 ,3.6 ,1506.15 ,3.78 ,4.08 ,0.30 ,2.5 
2015001111,2015,11,77.9 ,86.1 ,889067 ,332705 ,6268 ,42.4 ,163.272 ,3.3 ,1582.45 ,3.61 ,3.91 ,0.30 ,3.8 
2015001212,2015,12,79.2 ,86.9 ,885689 ,340338 ,6024 ,42.4 ,160.852 ,3.1 ,1551.34 ,3.47 ,3.74 ,0.27 ,5.2 
2016000101,2016,1,76.9 ,86.9 ,898396 ,451556 ,6226 ,42.0 ,155.948 ,3.1 ,1412.22 ,3.53 ,3.63 ,0.10 ,5.1 
2016000202,2016,2,75.2 ,86.6 ,903883 ,318111 ,6553 ,40.0 ,154.942 ,3.1 ,1324.59 ,3.60 ,3.53 ,-0.07 ,-0.1 
2016000303,2016,3,78.8 ,86.4 ,880187 ,376331 ,6607 ,41.3 ,156.095 ,3.0 ,1358.30 ,3.48 ,3.43 ,-0.05 ,-2.8 
2016000404,2016,4,80.3 ,86.0 ,900483 ,327231 ,6444 ,41.1 ,158.194 ,3.3 ,1335.67 ,3.57 ,3.48 ,-0.09 ,-0.8 
2016000505,2016,5,82.0 ,86.9 ,914527 ,335791 ,6660 ,41.0 ,158.665 ,3.3 ,1334.43 ,3.65 ,3.53 ,-0.12 ,-2.3 
2016000606,2016,6,82.3 ,85.8 ,904661 ,366833 ,6596 ,41.9 ,156.704 ,3.3 ,1288.83 ,3.81 ,3.58 ,-0.23 ,-2.6 
2016000707,2016,7,82.0 ,84.4 ,916232 ,363474 ,6644 ,41.6 ,157.572 ,3.3 ,1291.30 ,3.76 ,3.56 ,-0.20 ,-2.9 
2016000808,2016,8,82.1 ,83.3 ,914475 ,334718 ,6440 ,42.2 ,156.636 ,3.2 ,1303.93 ,3.63 ,3.56 ,-0.07 ,2.9 
2016000909,2016,9,82.4 ,84.1 ,923669 ,338287 ,6614 ,43.0 ,156.713 ,3.4 ,1334.42 ,3.65 ,3.56 ,-0.09 ,-5.4 
2016001010,2016,10,81.4 ,81.2 ,921446 ,331660 ,6576 ,42.4 ,158.586 ,3.6 ,1360.45 ,3.88 ,3.83 ,-0.05 ,0.0 
2016001111,2016,11,79.6 ,78.3 ,927561 ,356547 ,6405 ,40.8 ,164.413 ,3.8 ,1409.47 ,4.07 ,4.09 ,0.02 ,-3.1 
2016001212,2016,12,81.5 ,78.5 ,940896 ,388182 ,6349 ,42.7 ,168.833 ,3.9 ,1522.68 ,4.30 ,4.34 ,0.04 ,0.0 
2017000101,2017,1,84.0 ,79.4 ,938509 ,346839 ,7130 ,42.7 ,171.743 ,3.9 ,1534.42 ,4.38 ,4.47 ,0.09 ,2.2 
2017000202,2017,2,83.8 ,79.6 ,933358 ,343156 ,6412 ,42.9 ,172.284 ,4.1 ,1537.60 ,4.56 ,4.61 ,0.05 ,5.3 
2017000303,2017,3,84.6 ,80.0 ,933902 ,365988 ,6466 ,43.8 ,173.696 ,4.2 ,1552.10 ,4.68 ,4.75 ,0.07 ,4.6 
2017000404,2017,4,84.8 ,79.9 ,943330 ,352367 ,6588 ,43.6 ,171.609 ,3.9 ,1494.81 ,4.69 ,4.71 ,0.02 ,11.2 
2017000505,2017,5,83.5 ,80.4 ,947255 ,355521 ,6478 ,43.7 ,172.631 ,3.8 ,1571.62 ,4.63 ,4.67 ,0.04 ,5.1 
2017000606,2017,6,82.5 ,80.2 ,954385 ,362781 ,6758 ,43.3 ,172.514 ,3.9 ,1603.77 ,4.55 ,4.63 ,0.08 ,8.4 
2017000707,2017,7,82.9 ,80.8 ,953728 ,358183 ,6408 ,44.1 ,174.141 ,4.0 ,1620.17 ,4.60 ,4.68 ,0.08 ,10.1 
2017000808,2017,8,81.7 ,79.5 ,970702 ,386206 ,6265 ,43.6 ,176.718 ,4.0 ,1612.95 ,4.69 ,4.70 ,0.01 ,13.1 
2017000909,2017,9,84.5 ,81.1 ,968125 ,401162 ,6339 ,44.1 ,179.875 ,4.0 ,1638.79 ,4.67 ,4.73 ,0.06 ,7.8 
2017001010,2017,10,86.2 ,84.1 ,968210 ,401716 ,6226 ,44.6 ,180.695 ,4.1 ,1721.72 ,4.69 ,4.76 ,0.07 ,8.8 
2017001111,2017,11,85.8 ,79.8 ,974722 ,405319 ,6412 ,44.5 ,181.862 ,4.0 ,1783.26 ,4.76 ,4.80 ,0.04 ,11.0 
2017001212,2017,12,84.7 ,81.2 ,1000281 ,391368 ,6192 ,44.4 ,184.488 ,3.6 ,1809.61 ,4.78 ,4.83 ,0.05 ,0.3 
2018000101,2018,1,88.0 ,83.6 ,948984 ,402836 ,6100 ,44.4 ,185.463 ,3.4 ,1882.57 ,4.76 ,4.84 ,0.08 ,11.6 
2018000202,2018,2,87.6 ,82.4 ,966705 ,419890 ,6089 ,44.1 ,186.434 ,3.2 ,1766.57 ,4.80 ,4.85 ,0.05 ,11.5 
2018000303,2018,3,88.1 ,83.8 ,986879 ,388490 ,5971 ,44.1 ,184.314 ,3.1 ,1716.27 ,4.81 ,4.86 ,0.05 ,11.3 
2018000404,2018,4,87.1 ,83.7 ,993102 ,427084 ,6426 ,43.9 ,186.501 ,3.2 ,1737.42 ,4.74 ,4.79 ,0.05 ,10.4 
2018000505,2018,5,86.8 ,84.5 ,973344 ,434165 ,6435 ,44.1 ,186.685 ,3.2 ,1783.96 ,4.68 ,4.71 ,0.03 ,15.8 
2018000606,2018,6,86.4 ,84.4 ,974193 ,404217 ,6139 ,43.6 ,185.395 ,3.1 ,1762.48 ,4.60 ,4.63 ,0.03 ,11.4 
2018000707,2018,7,89.8 ,85.5 ,976149 ,422221 ,6235 ,43.7 ,184.270 ,2.9 ,1729.12 ,4.44 ,4.50 ,0.06 ,7.4 
2018000808,2018,8,85.7 ,83.9 ,966110 ,433007 ,6270 ,43.8 ,183.405 ,2.9 ,1721.03 ,4.26 ,4.37 ,0.11 ,6.1 
2018000909,2018,9,85.3 ,88.8 ,975129 ,395268 ,6336 ,43.4 ,184.781 ,2.8 ,1746.41 ,4.11 ,4.24 ,0.13 ,8.3 
2018001010,2018,10,87.0 ,84.0 ,968627 ,408549 ,6331 ,43.0 ,184.792 ,2.7 ,1703.85 ,4.07 ,4.20 ,0.13 ,5.1 
2018001111,2018,11,84.3 ,84.4 ,967667 ,394935 ,6463 ,42.6 ,182.523 ,2.3 ,1646.77 ,4.08 ,4.17 ,0.09 ,7.1 
2018001212,2018,12,89.4 ,84.9 ,961032 ,377542 ,6487 ,42.5 ,180.684 ,2.4 ,1565.86 ,4.15 ,4.14 ,-0.01 ,3.4 
2019000101,2019,1,86.1 ,86.4 ,980297 ,368630 ,6330 ,41.6 ,180.567 ,2.3 ,1541.56 ,4.03 ,4.03 ,0.00 ,-1.8 
2019000202,2019,2,84.6 ,88.1 ,984722 ,377089 ,6490 ,41.3 ,183.091 ,2.4 ,1592.61 ,3.92 ,3.90 ,-0.02 ,1.6 
2019000303,2019,3,85.9 ,87.5 ,971060 ,370509 ,6622 ,40.2 ,183.632 ,2.4 ,1602.83 ,3.88 ,3.78 ,-0.10 ,-1.3 
2019000404,2019,4,86.9 ,89.9 ,980838 ,390006 ,6265 ,40.5 ,183.527 ,2.4 ,1618.12 ,3.72 ,3.67 ,-0.05 ,-1.9 
2019000505,2019,5,87.4 ,88.8 ,1004750 ,385744 ,6236 ,39.7 ,182.033 ,2.5 ,1547.17 ,3.68 ,3.58 ,-0.10 ,-5.5 
2019000606,2019,6,89.4 ,89.9 ,968215 ,384549 ,6477 ,38.4 ,181.001 ,2.2 ,1540.08 ,3.66 ,3.49 ,-0.17 ,-3.9 
2019000707,2019,7,89.1 ,90.5 ,958648 ,377320 ,6231 ,38.0 ,179.303 ,2.2 ,1573.16 ,3.62 ,3.46 ,-0.16 ,-5.0 
2019000808,2019,8,88.7 ,91.8 ,960759 ,368989 ,6283 ,37.7 ,176.139 ,2.3 ,1501.08 ,3.71 ,3.43 ,-0.28 ,-11.0 
2019000909,2019,9,87.9 ,91.6 ,940760 ,366620 ,6259 ,35.7 ,176.796 ,2.3 ,1579.13 ,3.63 ,3.41 ,-0.22 ,-10.9 
2019001010,2019,10,92.1 ,93.2 ,949295 ,352124 ,6112 ,36.2 ,178.414 ,2.3 ,1617.12 ,3.40 ,3.25 ,-0.15 ,-13.2 
2019001111,2019,11,92.4 ,94.3 ,917890 ,356357 ,5773 ,38.6 ,177.232 ,2.6 ,1697.37 ,3.16 ,3.08 ,-0.08 ,-16.9 
2019001212,2019,12,92.1 ,93.7 ,953855 ,353135 ,5930 ,38.9 ,178.847 ,2.6 ,1724.59 ,2.95 ,2.92 ,-0.03 ,-14.7 
2020000101,2020,1,94.2 ,94.4 ,828662 ,367495 ,5593 ,39.0 ,177.631 ,2.6 ,1719.06 ,2.90 ,2.83 ,-0.07 ,-15.2 
2020000202,2020,2,87.5 ,90.7 ,885838 ,367995 ,5818 ,38.3 ,175.805 ,2.8 ,1669.97 ,2.91 ,2.75 ,-0.16 ,-13.3 
2020000303,2020,3,98.7 ,98.0 ,839357 ,353191 ,6020 ,30.9 ,166.195 ,3.1 ,1385.57 ,2.66 ,2.67 ,0.01 ,-28.0 
2020000404,2020,4,117.5 ,108.3 ,651907 ,329372 ,5522 ,21.8 ,160.965 ,3.7 ,1412.35 ,1.93 ,1.89 ,-0.04 ,-43.4 
2020000505,2020,5,117.2 ,121.2 ,706445 ,290520 ,5296 ,24.3 ,162.210 ,5.1 ,1488.06 ,1.11 ,1.11 ,0.00 ,-63.5 
2020000606,2020,6,103.5 ,119.7 ,743937 ,304357 ,5486 ,28.0 ,165.899 ,7.3 ,1585.75 ,0.30 ,0.33 ,0.03 ,-50.5 
2020000707,2020,7,99.5 ,106.7 ,703637 ,311923 ,5347 ,29.5 ,168.482 ,7.9 ,1560.76 ,0.88 ,0.89 ,0.01 ,-32.9 
2020000808,2020,8,102.1 ,99.7 ,725638 ,316051 ,5339 ,29.8 ,170.862 ,8.6 ,1595.08 ,1.39 ,1.44 ,0.05 ,-28.4 
2020000909,2020,9,94.0 ,94.7 ,744557 ,316050 ,5670 ,32.6 ,171.164 ,9.0 ,1632.81 ,1.97 ,1.99 ,0.02 ,-20.7 
2020001010,2020,10,93.8 ,88.3 ,701225 ,357934 ,5441 ,33.2 ,173.087 ,9.0 ,1629.03 ,2.50 ,2.54 ,0.04 ,-14.8 
2020001111,2020,11,94.2 ,86.8 ,757024 ,352914 ,5571 ,33.6 ,174.929 ,9.1 ,1714.50 ,3.06 ,3.09 ,0.03 ,-7.4 
2020001212,2020,12,95.7 ,85.8 ,763045 ,367771 ,5477 ,31.8 ,178.504 ,9.2 ,1780.72 ,3.62 ,3.64 ,0.02 ,-13.6 
2021000101,2021,1,93.0 ,81.4 ,735879 ,376397 ,5640 ,30.0 ,182.325 ,9.4 ,1842.18 ,3.78 ,3.84 ,0.06 ,-14.2 
2021000202,2021,2,92.9 ,83.2 ,752731 ,352061 ,5620 ,33.9 ,188.433 ,9.6 ,1911.21 ,3.89 ,4.04 ,0.15 ,-13.8 
2021000303,2021,3,92.0 ,83.2 ,777715 ,356153 ,5857 ,36.0 ,191.707 ,9.5 ,1947.82 ,4.12 ,4.24 ,0.12 ,-3.7 
2021000404,2021,4,96.9 ,81.9 ,755693 ,377155 ,5882 ,35.2 ,196.625 ,9.3 ,1941.37 ,4.28 ,4.37 ,0.09 ,4.1 
2021000505,2021,5,91.9 ,83.5 ,761014 ,396640 ,5954 ,34.3 ,201.424 ,8.0 ,1908.12 ,4.42 ,4.50 ,0.08 ,3.5 
2021000606,2021,6,94.2 ,83.4 ,778943 ,394448 ,5880 ,36.9 ,204.391 ,5.9 ,1953.44 ,4.58 ,4.63 ,0.05 ,7.5 
2021000707,2021,7,92.8 ,83.8 ,776910 ,423735 ,6105 ,37.4 ,209.955 ,5.3 ,1931.88 ,4.41 ,4.43 ,0.02 ,5.1 
2021000808,2021,8,94.3 ,87.1 ,784040 ,364963 ,5968 ,37.1 ,211.430 ,4.7 ,1931.13 ,4.22 ,4.24 ,0.02 ,4.1 
2021000909,2021,9,99.4 ,91.4 ,794606 ,449478 ,5867 ,37.8 ,214.344 ,4.2 ,2063.04 ,3.99 ,4.06 ,0.07 ,-7.5 
2021001010,2021,10,97.4 ,92.0 ,792212 ,408812 ,6050 ,39.0 ,220.426 ,4.2 ,1991.44 ,4.06 ,4.16 ,0.10 ,-7.1 
2021001111,2021,11,95.3 ,90.3 ,820607 ,454846 ,5951 ,39.4 ,220.688 ,4.0 ,2022.87 ,4.20 ,4.25 ,0.05 ,0.7 
2021001212,2021,12,92.7 ,91.3 ,851800 ,460945 ,5855 ,38.9 ,222.076 ,3.7 ,1976.98 ,4.26 ,4.33 ,0.07 ,10.3 
2022000101,2022,1,93.9 ,92.9 ,845408 ,441198 ,5735 ,36.9 ,226.399 ,3.6 ,1954.51 ,4.24 ,4.41 ,0.17 ,5.9 
2022000202,2022,2,98.7 ,92.7 ,826845 ,425930 ,5834 ,35.5 ,233.511 ,3.6 ,1917.67 ,4.32 ,4.50 ,0.18 ,4.5 
2022000303,2022,3,97.7 ,93.9 ,861397 ,457229 ,5967 ,32.3 ,241.598 ,3.5 ,1885.51 ,4.37 ,4.58 ,0.21 ,1.5 
2022000404,2022,4,94.5 ,95.7 ,868052 ,485272 ,5939 ,32.3 ,247.534 ,3.4 ,1902.34 ,4.23 ,4.45 ,0.22 ,4.9 
2022000505,2022,5,96.0 ,97.6 ,872958 ,440987 ,5641 ,33.0 ,247.872 ,3.1 ,1879.00 ,4.10 ,4.34 ,0.24 ,4.5 
2022000606,2022,6,94.0 ,98.8 ,872339 ,454527 ,5672 ,31.5 ,250.630 ,3.3 ,1895.96 ,4.01 ,4.24 ,0.23 ,1.8 
2022000707,2022,7,95.7 ,98.5 ,879973 ,434894 ,5646 ,29.9 ,248.184 ,3.4 ,1908.46 ,4.08 ,4.26 ,0.18 ,1.7 
2022000808,2022,8,93.9 ,99.2 ,868081 ,455161 ,5963 ,32.3 ,248.932 ,3.4 ,1964.16 ,4.03 ,4.25 ,0.22 ,3.1 
2022000909,2022,9,96.0 ,101.8 ,878124 ,431795 ,5742 ,31.0 ,247.193 ,3.3 ,1922.22 ,4.01 ,4.25 ,0.24 ,-1.6 
2022001010,2022,10,91.0 ,103.0 ,881571 ,412077 ,5725 ,30.7 ,248.716 ,3.1 ,1894.99 ,3.91 ,4.16 ,0.25 ,0.6 
2022001111,2022,11,92.5 ,104.3 ,890038 ,391330 ,5663 ,30.0 ,250.600 ,3.1 ,1967.73 ,3.82 ,4.07 ,0.25 ,-1.9 
2022001212,2022,12,92.6 ,106.5 ,881756 ,388092 ,5512 ,31.1 ,249.807 ,2.9 ,1934.71 ,3.58 ,3.99 ,0.41 ,-1.2 
2023000101,2023,1,96.9 ,108.4 ,887078 ,386247 ,5827 ,31.4 ,251.605 ,2.7 ,1925.82 ,3.34 ,3.83 ,0.49 ,-3.6 
2023000202,2023,2,96.2 ,107.9 ,881896 ,408055 ,5701 ,31.3 ,253.175 ,2.6 ,1985.51 ,3.17 ,3.67 ,0.50 ,1.5 
2023000303,2023,3,96.5 ,109.2 ,868817 ,401328 ,5556 ,33.7 ,253.199 ,2.5 ,1989.46 ,3.20 ,3.52 ,0.32 ,4.2 
2023000404,2023,4,99.8 ,109.2 ,867978 ,390142 ,5130 ,35.2 ,252.465 ,2.6 ,2016.47 ,3.18 ,3.57 ,0.39 ,7.0 
2023000505,2023,5,102.3 ,108.2 ,866991 ,393999 ,5536 ,35.9 ,251.557 ,2.6 ,2125.76 ,3.16 ,3.59 ,0.43 ,6.6 
2023000606,2023,6,102.9 ,107.7 ,857705 ,395229 ,5418 ,36.1 ,253.798 ,2.6 ,2255.94 ,3.20 ,3.60 ,0.40 ,3.1 
2023000707,2023,7,103.4 ,108.1 ,858340 ,379500 ,5154 ,36.8 ,255.969 ,2.5 ,2273.04 ,3.14 ,3.74 ,0.60 ,0.8 
2023000808,2023,8,103.4 ,106.5 ,873086 ,379738 ,5357 ,36.3 ,257.947 ,2.5 ,2284.19 ,3.25 ,3.89 ,0.64 ,0.2 
2023000909,2023,9,103.3 ,102.3 ,844287 ,378279 ,5225 ,35.5 ,257.261 ,2.4 ,2379.55 ,3.28 ,4.05 ,0.77 ,3.7 
2023001010,2023,10,101.3 ,105.2 ,850336 ,377815 ,5159 ,35.9 ,257.336 ,2.4 ,2270.78 ,3.14 ,4.09 ,0.95 ,1.3 
2023001111,2023,11,105.1 ,105.0 ,847400 ,363221 ,5043 ,36.4 ,258.467 ,2.3 ,2356.32 ,3.48 ,4.14 ,0.66 ,0.3 
2023001212,2023,12,103.1 ,103.0 ,860179 ,385492 ,5213 ,37.3 ,257.071 ,2.3 ,2348.20 ,3.57 ,4.19 ,0.62 ,-3.5 
2024000101,2024,1,106.3 ,104.1 ,850068 ,333941 ,5127 ,38.1 ,259.140 ,2.5 ,2494.07 ,3.47 ,4.20 ,0.73 ,-1.5 
2024000202,2024,2,102.4 ,99.3 ,863715 ,364953 ,5021 ,39.0 ,259.591 ,2.4 ,2606.11 ,3.47 ,4.18 ,0.71 ,-1.7 
2024000303,2024,3,109.0 ,107.2 ,857912 ,435195 ,4889 ,39.5 ,263.801 ,2.5 ,2728.81 ,3.43 ,4.16 ,0.73 ,-0.4 
2024000404,2024,4,111.3 ,105.2 ,822448 ,382342 ,5541 ,38.3 ,269.169 ,2.2 ,2707.57 ,3.35 ,4.22 ,0.87 ,1.9 
2024000505,2024,5,107.1 ,102.7 ,829239 ,386261 ,5252 ,36.2 ,272.813 ,1.8 ,2740.90 ,3.21 ,4.28 ,1.07 ,4.7 
2024000606,2024,6,109.8 ,106.3 ,827707 ,384387 ,4911 ,36.4 ,272.628 ,1.5 ,2758.43 ,3.30 ,4.35 ,1.05 ,0.2 
2024000707,2024,7,108.0 ,101.1 ,816630 ,361215 ,4930 ,36.7 ,266.850 ,1.5 ,2843.31 ,,,1.05 ,-1.9 
2024000808,2024,8,111.4 ,108.9 ,832062 ,350830 ,4913 ,36.7 ,266.219 ,1.3 ,2596.40 ,,,0.89 ,-5.6 
2024000909,2024,9,107.0 ,103.5 ,836938 ,,5109 ,36.9 ,267.463 ,1.3 ,2628.79 ,,,0.86 ,1.5 
,,,,,,,,,,,,,,,
,,,(?)?L6?????????2001?11??????????????2001?10?????????????????????????????????3??????????????????????????(4?6???????6??????????)?,,,,,,,,,,,,
,,,"???2001?10??????????????????(3,6,9,12????)?????",,,,,,,,,,,,
,,,,,,,,,,,,,,,
,,,,,,,,,,,,,,,
