,,,C1,C2,C3,C4,C5,C6,C7,C8(?),C9,C10,,,,,
??????,???,?,????(???),???????????,?????????,???????(?????),???????(?????),?????(???)(?????),?????(???)(?????),????(???),??????(???),??????,,,,,
Time (Monthly) Code,Calendar year,Month,Index of Industrial Production (Mining and Manufacturing),Index of Producer's Shipments (Producer Goods for Mining and Manufacturing),Index of Producer's Shipment of Durable Consumer Goods,Index of Labor Input (Industries Covered),Index of Producer's Shipment (Investment Goods Excluding Transport Equipments),Retail Sales Value (Change from Previous Year),Wholesale Sales Value (Change from Previous Year),Operating Profits (All Industries),Effective Job Offer Rate (Excluding New School Graduates),Exports Volume Index,,,,,
,,,(??2?=100),(??2?=100),(??2?=100),(??2?=100),(??2?=100),(%),(%),(??),(?),(??2?=100),,,,,
,,,2020=100,2020=100,2020=100,2020=100,2020=100,percent change,percent change,100 million yen,times,2020=100,,,,,
1975000101,1975,1,57.6 ,45.7 ,42.3 ,72.8 ,69.0 ,18.5 ,3.1 ,29440 ,0.75 ,30.7 ,,,,,
1975000202,1975,2,57.3 ,45.6 ,42.8 ,73.2 ,70.3 ,23.7 ,5.3 ,28376 ,0.71 ,31.1 ,,,,,
1975000303,1975,3,56.5 ,45.3 ,42.1 ,72.4 ,71.2 ,29.9 ,9.8 ,27312 ,0.67 ,29.7 ,,,,,
1975000404,1975,4,57.6 ,46.4 ,42.6 ,72.5 ,71.0 ,29.7 ,9.3 ,27779 ,0.68 ,30.8 ,,,,,
1975000505,1975,5,57.6 ,46.4 ,43.3 ,73.9 ,68.6 ,25.3 ,5.1 ,28245 ,0.63 ,29.0 ,,,,,
1975000606,1975,6,58.4 ,46.9 ,42.5 ,74.1 ,69.4 ,21.9 ,6.7 ,28712 ,0.59 ,30.2 ,,,,,
1975000707,1975,7,58.8 ,48.3 ,42.6 ,75.3 ,69.4 ,19.7 ,6.6 ,29370 ,0.56 ,30.6 ,,,,,
1975000808,1975,8,58.8 ,47.9 ,44.2 ,74.4 ,69.6 ,18.8 ,6.0 ,30027 ,0.55 ,31.1 ,,,,,
1975000909,1975,9,59.4 ,48.7 ,45.5 ,74.9 ,70.1 ,10.2 ,7.2 ,30685 ,0.55 ,30.6 ,,,,,
1975001010,1975,10,59.6 ,48.8 ,45.8 ,75.2 ,69.7 ,16.4 ,8.9 ,31346 ,0.55 ,31.9 ,,,,,
1975001111,1975,11,58.6 ,48.7 ,45.7 ,74.8 ,69.1 ,11.6 ,5.8 ,32007 ,0.55 ,31.6 ,,,,,
1975001212,1975,12,59.9 ,50.3 ,45.8 ,75.5 ,69.3 ,9.1 ,10.3 ,32668 ,0.55 ,34.9 ,,,,,
1976000101,1976,1,60.8 ,50.5 ,47.0 ,75.1 ,70.5 ,10.6 ,13.1 ,33543 ,0.58 ,31.7 ,,,,,
1976000202,1976,2,62.3 ,52.1 ,49.6 ,76.1 ,74.0 ,12.2 ,14.4 ,34418 ,0.61 ,34.1 ,,,,,
1976000303,1976,3,63.2 ,53.4 ,52.0 ,78.4 ,73.6 ,4.4 ,21.1 ,35293 ,0.63 ,35.3 ,,,,,
1976000404,1976,4,64.2 ,53.5 ,51.8 ,76.9 ,73.4 ,3.9 ,16.2 ,35737 ,0.65 ,35.7 ,,,,,
1976000505,1976,5,63.9 ,52.9 ,51.9 ,75.3 ,74.2 ,5.1 ,13.8 ,36181 ,0.64 ,38.5 ,,,,,
1976000606,1976,6,65.2 ,54.7 ,52.6 ,76.1 ,74.8 ,5.5 ,16.6 ,36625 ,0.66 ,38.0 ,,,,,
1976000707,1976,7,65.7 ,54.4 ,53.7 ,77.3 ,76.5 ,4.6 ,16.0 ,37621 ,0.67 ,37.7 ,,,,,
1976000808,1976,8,66.0 ,54.5 ,52.9 ,76.9 ,75.9 ,6.3 ,15.1 ,38618 ,0.67 ,38.5 ,,,,,
1976000909,1976,9,65.9 ,54.4 ,52.6 ,76.4 ,75.9 ,5.9 ,10.4 ,39614 ,0.66 ,39.4 ,,,,,
1976001010,1976,10,65.9 ,53.9 ,53.2 ,75.6 ,77.0 ,6.6 ,12.3 ,39551 ,0.64 ,38.8 ,,,,,
1976001111,1976,11,66.8 ,54.7 ,54.9 ,77.0 ,78.6 ,8.8 ,15.8 ,39488 ,0.64 ,38.3 ,,,,,
1976001212,1976,12,67.2 ,54.2 ,55.7 ,76.7 ,80.5 ,7.8 ,10.4 ,39425 ,0.62 ,39.5 ,,,,,
1977000101,1977,1,67.6 ,55.2 ,57.0 ,78.6 ,80.0 ,12.4 ,9.4 ,39107 ,0.61 ,39.6 ,,,,,
1977000202,1977,2,66.7 ,54.5 ,56.2 ,77.1 ,78.8 ,8.4 ,8.2 ,38790 ,0.60 ,39.1 ,,,,,
1977000303,1977,3,67.6 ,54.8 ,57.7 ,78.2 ,78.5 ,13.0 ,5.5 ,38472 ,0.60 ,39.6 ,,,,,
1977000404,1977,4,67.4 ,53.9 ,56.7 ,78.7 ,79.3 ,14.7 ,7.7 ,38326 ,0.61 ,41.3 ,,,,,
1977000505,1977,5,67.1 ,53.8 ,56.0 ,77.4 ,78.2 ,11.8 ,5.9 ,38181 ,0.56 ,40.4 ,,,,,
1977000606,1977,6,67.5 ,53.9 ,57.0 ,77.2 ,77.7 ,10.7 ,3.3 ,38035 ,0.54 ,39.7 ,,,,,
1977000707,1977,7,66.2 ,53.4 ,56.9 ,77.1 ,75.4 ,14.1 ,1.2 ,37794 ,0.53 ,41.1 ,,,,,
1977000808,1977,8,67.6 ,54.2 ,57.8 ,78.1 ,80.0 ,13.2 ,3.4 ,37554 ,0.53 ,40.5 ,,,,,
1977000909,1977,9,67.6 ,53.8 ,59.7 ,77.7 ,79.8 ,11.9 ,3.9 ,37313 ,0.53 ,39.8 ,,,,,
1977001010,1977,10,67.2 ,53.4 ,58.7 ,77.1 ,80.6 ,10.1 ,1.1 ,37551 ,0.53 ,40.8 ,,,,,
1977001111,1977,11,68.4 ,54.4 ,60.0 ,77.9 ,82.0 ,7.4 ,2.9 ,37790 ,0.52 ,41.3 ,,,,,
1977001212,1977,12,69.0 ,55.0 ,62.0 ,78.6 ,83.0 ,8.3 ,3.5 ,38028 ,0.52 ,39.9 ,,,,,
1978000101,1978,1,69.6 ,55.1 ,62.5 ,78.7 ,83.3 ,6.7 ,3.1 ,38684 ,0.51 ,41.1 ,,,,,
1978000202,1978,2,69.0 ,55.0 ,60.1 ,78.0 ,82.1 ,8.3 ,4.5 ,39341 ,0.53 ,42.7 ,,,,,
1978000303,1978,3,70.6 ,55.4 ,64.7 ,78.6 ,86.4 ,8.6 ,6.8 ,39997 ,0.54 ,41.4 ,,,,,
1978000404,1978,4,70.6 ,55.6 ,61.6 ,78.1 ,86.6 ,9.8 ,3.1 ,40212 ,0.57 ,38.8 ,,,,,
1978000505,1978,5,70.9 ,56.0 ,63.2 ,78.7 ,85.0 ,9.1 ,7.5 ,40428 ,0.54 ,38.3 ,,,,,
1978000606,1978,6,71.2 ,56.6 ,63.8 ,78.5 ,87.0 ,11.2 ,6.4 ,40643 ,0.54 ,38.2 ,,,,,
1978000707,1978,7,71.6 ,56.8 ,65.2 ,78.1 ,87.1 ,9.7 ,6.2 ,41139 ,0.56 ,38.3 ,,,,,
1978000808,1978,8,72.6 ,57.7 ,66.0 ,78.9 ,87.6 ,5.2 ,5.0 ,41634 ,0.57 ,38.4 ,,,,,
1978000909,1978,9,73.3 ,58.1 ,66.6 ,79.7 ,89.7 ,10.2 ,4.4 ,42130 ,0.59 ,38.5 ,,,,,
1978001010,1978,10,73.4 ,58.3 ,65.1 ,79.2 ,88.2 ,8.9 ,8.6 ,43866 ,0.59 ,38.7 ,,,,,
1978001111,1978,11,73.6 ,58.8 ,66.0 ,79.6 ,89.4 ,10.1 ,6.0 ,45602 ,0.60 ,39.5 ,,,,,
1978001212,1978,12,74.3 ,59.1 ,65.4 ,79.5 ,91.3 ,8.0 ,5.5 ,47338 ,0.60 ,38.8 ,,,,,
1979000101,1979,1,74.2 ,59.1 ,65.1 ,79.7 ,92.9 ,13.3 ,7.9 ,47894 ,0.62 ,37.2 ,,,,,
1979000202,1979,2,74.1 ,59.1 ,65.5 ,79.9 ,91.7 ,10.1 ,6.6 ,48451 ,0.63 ,37.1 ,,,,,
1979000303,1979,3,74.8 ,60.0 ,66.8 ,79.7 ,93.0 ,7.8 ,2.6 ,49007 ,0.66 ,37.7 ,,,,,
1979000404,1979,4,75.1 ,60.0 ,67.1 ,78.5 ,92.3 ,6.8 ,8.7 ,51524 ,0.70 ,37.3 ,,,,,
1979000505,1979,5,76.7 ,61.4 ,69.3 ,80.4 ,94.5 ,9.9 ,11.2 ,54040 ,0.69 ,41.0 ,,,,,
1979000606,1979,6,76.9 ,60.7 ,72.6 ,81.1 ,93.6 ,8.7 ,11.3 ,56557 ,0.71 ,39.6 ,,,,,
1979000707,1979,7,77.5 ,61.8 ,71.5 ,81.0 ,95.6 ,9.5 ,13.6 ,57930 ,0.72 ,39.4 ,,,,,
1979000808,1979,8,78.9 ,62.5 ,72.4 ,81.4 ,96.4 ,13.3 ,13.7 ,59302 ,0.73 ,40.0 ,,,,,
1979000909,1979,9,77.3 ,61.4 ,72.6 ,80.8 ,92.8 ,13.3 ,14.2 ,60675 ,0.75 ,41.8 ,,,,,
1979001010,1979,10,78.9 ,62.3 ,75.1 ,81.8 ,96.6 ,11.7 ,16.1 ,61257 ,0.77 ,41.6 ,,,,,
1979001111,1979,11,79.8 ,62.7 ,74.5 ,82.6 ,98.6 ,16.1 ,19.3 ,61838 ,0.78 ,42.4 ,,,,,
1979001212,1979,12,79.6 ,63.0 ,76.9 ,81.2 ,96.3 ,14.1 ,22.6 ,62420 ,0.79 ,46.5 ,,,,,
1980000101,1980,1,80.2 ,63.7 ,77.3 ,80.1 ,96.0 ,16.2 ,28.2 ,63535 ,0.77 ,42.0 ,,,,,
1980000202,1980,2,83.2 ,65.7 ,80.6 ,83.3 ,100.3 ,21.2 ,32.5 ,64651 ,0.76 ,46.2 ,,,,,
1980000303,1980,3,81.0 ,63.7 ,79.3 ,81.2 ,98.3 ,16.4 ,28.0 ,65766 ,0.77 ,45.9 ,,,,,
1980000404,1980,4,82.3 ,64.4 ,82.6 ,81.0 ,97.5 ,18.9 ,30.7 ,67262 ,0.77 ,47.0 ,,,,,
1980000505,1980,5,81.7 ,63.6 ,81.8 ,83.2 ,97.8 ,15.1 ,24.7 ,68757 ,0.76 ,47.9 ,,,,,
1980000606,1980,6,81.0 ,62.3 ,82.5 ,82.5 ,96.9 ,11.5 ,19.7 ,70253 ,0.77 ,49.3 ,,,,,
1980000707,1980,7,80.9 ,60.8 ,80.8 ,83.1 ,95.9 ,8.2 ,18.3 ,68711 ,0.76 ,47.7 ,,,,,
1980000808,1980,8,78.6 ,58.8 ,79.3 ,82.3 ,93.3 ,6.8 ,15.3 ,67168 ,0.74 ,48.1 ,,,,,
1980000909,1980,9,79.7 ,59.7 ,82.1 ,83.2 ,96.1 ,6.9 ,20.5 ,65626 ,0.73 ,49.0 ,,,,,
1980001010,1980,10,80.2 ,60.4 ,84.2 ,83.5 ,95.4 ,8.0 ,14.2 ,64980 ,0.73 ,48.2 ,,,,,
1980001111,1980,11,79.1 ,60.1 ,83.3 ,82.5 ,94.3 ,5.0 ,6.9 ,64335 ,0.71 ,49.6 ,,,,,
1980001212,1980,12,80.2 ,60.3 ,85.8 ,83.1 ,94.7 ,5.8 ,8.8 ,63689 ,0.70 ,52.9 ,,,,,
1981000101,1981,1,80.4 ,60.4 ,90.6 ,83.2 ,95.0 ,6.7 ,3.7 ,63009 ,0.69 ,48.4 ,,,,,
1981000202,1981,2,80.0 ,60.0 ,86.8 ,83.2 ,94.4 ,2.2 ,-1.6 ,62330 ,0.68 ,52.0 ,,,,,
1981000303,1981,3,80.4 ,60.0 ,88.0 ,82.6 ,93.8 ,6.5 ,7.3 ,61650 ,0.67 ,52.8 ,,,,,
1981000404,1981,4,80.4 ,60.7 ,88.3 ,83.7 ,95.6 ,3.9 ,0.1 ,61162 ,0.67 ,52.5 ,,,,,
1981000505,1981,5,79.1 ,59.4 ,83.8 ,83.1 ,94.2 ,3.0 ,-0.7 ,60675 ,0.67 ,53.2 ,,,,,
1981000606,1981,6,81.2 ,60.5 ,84.5 ,83.8 ,96.5 ,5.8 ,6.0 ,60187 ,0.68 ,54.1 ,,,,,
1981000707,1981,7,81.7 ,61.3 ,87.2 ,83.5 ,98.1 ,8.8 ,7.5 ,61215 ,0.70 ,54.7 ,,,,,
1981000808,1981,8,81.5 ,60.7 ,87.5 ,82.6 ,97.2 ,7.1 ,7.2 ,62243 ,0.69 ,55.5 ,,,,,
1981000909,1981,9,82.8 ,61.9 ,88.9 ,83.5 ,97.7 ,6.3 ,10.4 ,63271 ,0.68 ,54.4 ,,,,,
1981001010,1981,10,83.3 ,61.9 ,89.2 ,85.5 ,97.9 ,6.3 ,8.8 ,64245 ,0.67 ,54.2 ,,,,,
1981001111,1981,11,83.3 ,61.7 ,91.4 ,83.7 ,98.5 ,5.8 ,14.0 ,65219 ,0.66 ,53.3 ,,,,,
1981001212,1981,12,83.1 ,61.4 ,89.3 ,83.7 ,98.6 ,6.8 ,9.7 ,66193 ,0.67 ,52.7 ,,,,,
1982000101,1982,1,82.6 ,60.8 ,89.3 ,84.0 ,97.6 ,4.1 ,9.2 ,65865 ,0.66 ,54.1 ,,,,,
1982000202,1982,2,82.0 ,60.5 ,87.2 ,83.4 ,96.6 ,3.0 ,11.7 ,65537 ,0.65 ,53.1 ,,,,,
1982000303,1982,3,82.8 ,60.7 ,89.6 ,84.4 ,96.9 ,2.7 ,13.8 ,65209 ,0.63 ,52.9 ,,,,,
1982000404,1982,4,81.6 ,60.1 ,86.8 ,84.6 ,94.1 ,1.2 ,9.7 ,64044 ,0.62 ,53.4 ,,,,,
1982000505,1982,5,81.0 ,59.4 ,87.3 ,84.7 ,94.5 ,4.4 ,8.8 ,62879 ,0.60 ,51.8 ,,,,,
1982000606,1982,6,82.0 ,60.4 ,85.5 ,84.2 ,96.4 ,2.7 ,7.5 ,61714 ,0.60 ,51.1 ,,,,,
1982000707,1982,7,81.7 ,59.7 ,88.5 ,84.8 ,95.8 ,-0.3 ,5.7 ,61281 ,0.60 ,51.5 ,,,,,
1982000808,1982,8,81.8 ,59.8 ,88.0 ,84.9 ,96.7 ,2.5 ,7.1 ,60847 ,0.60 ,51.5 ,,,,,
1982000909,1982,9,82.2 ,60.4 ,91.2 ,84.4 ,99.4 ,2.6 ,6.7 ,60414 ,0.60 ,51.5 ,,,,,
1982001010,1982,10,79.8 ,58.9 ,89.2 ,84.4 ,94.5 ,3.1 ,4.2 ,59768 ,0.60 ,51.9 ,,,,,
1982001111,1982,11,81.8 ,59.5 ,91.0 ,85.8 ,97.8 ,4.0 ,4.9 ,59122 ,0.59 ,51.7 ,,,,,
1982001212,1982,12,81.1 ,59.1 ,88.9 ,85.3 ,98.9 ,1.8 ,4.9 ,58476 ,0.59 ,50.0 ,,,,,
1983000101,1983,1,81.5 ,59.7 ,91.4 ,86.7 ,95.6 ,4.2 ,1.7 ,58517 ,0.59 ,52.5 ,,,,,
1983000202,1983,2,81.2 ,59.6 ,91.4 ,84.7 ,97.1 ,3.4 ,1.0 ,58557 ,0.59 ,53.4 ,,,,,
1983000303,1983,3,82.3 ,60.8 ,93.2 ,86.7 ,96.4 ,2.2 ,-0.6 ,58598 ,0.59 ,52.9 ,,,,,
1983000404,1983,4,82.5 ,61.6 ,88.9 ,86.4 ,95.2 ,4.8 ,-2.0 ,59449 ,0.59 ,53.7 ,,,,,
1983000505,1983,5,82.7 ,62.3 ,89.6 ,86.3 ,95.2 ,2.6 ,0.7 ,60299 ,0.59 ,56.2 ,,,,,
1983000606,1983,6,83.8 ,63.4 ,91.0 ,86.6 ,96.1 ,1.2 ,-1.3 ,61150 ,0.59 ,55.1 ,,,,,
1983000707,1983,7,83.3 ,63.4 ,91.2 ,86.7 ,93.9 ,5.1 ,-3.9 ,62257 ,0.59 ,55.4 ,,,,,
1983000808,1983,8,85.1 ,65.6 ,93.2 ,88.8 ,97.4 ,5.7 ,0.7 ,63363 ,0.60 ,57.6 ,,,,,
1983000909,1983,9,86.7 ,66.0 ,92.8 ,87.6 ,95.7 ,2.8 ,-0.6 ,64470 ,0.61 ,56.7 ,,,,,
1983001010,1983,10,86.1 ,66.6 ,92.2 ,86.5 ,97.8 ,4.0 ,-1.6 ,65609 ,0.62 ,57.0 ,,,,,
1983001111,1983,11,86.9 ,67.5 ,93.2 ,87.3 ,97.6 ,2.6 ,-2.8 ,66749 ,0.62 ,57.7 ,,,,,
1983001212,1983,12,88.0 ,68.4 ,94.6 ,88.2 ,97.2 ,1.7 ,-1.2 ,67888 ,0.63 ,58.5 ,,,,,
1984000101,1984,1,88.4 ,68.9 ,93.2 ,87.9 ,101.1 ,0.2 ,-0.5 ,69119 ,0.64 ,58.9 ,,,,,
1984000202,1984,2,90.5 ,70.4 ,96.1 ,88.9 ,99.0 ,3.9 ,2.7 ,70349 ,0.64 ,60.2 ,,,,,
1984000303,1984,3,90.0 ,70.5 ,94.6 ,89.1 ,99.4 ,4.9 ,2.7 ,71580 ,0.64 ,62.0 ,,,,,
1984000404,1984,4,89.9 ,69.9 ,95.4 ,88.0 ,102.6 ,2.8 ,2.7 ,71129 ,0.64 ,63.1 ,,,,,
1984000505,1984,5,91.7 ,71.4 ,98.6 ,89.0 ,103.0 ,3.3 ,2.4 ,70679 ,0.64 ,64.4 ,,,,,
1984000606,1984,6,92.1 ,71.7 ,97.0 ,89.1 ,102.2 ,1.8 ,2.7 ,70228 ,0.64 ,64.4 ,,,,,
1984000707,1984,7,92.0 ,72.0 ,99.1 ,88.2 ,102.9 ,3.0 ,8.5 ,70616 ,0.65 ,66.1 ,,,,,
1984000808,1984,8,93.4 ,73.0 ,98.6 ,88.9 ,102.7 ,0.0 ,3.9 ,71005 ,0.65 ,65.1 ,,,,,
1984000909,1984,9,92.3 ,72.6 ,96.0 ,88.7 ,102.2 ,2.8 ,3.6 ,71393 ,0.66 ,65.7 ,,,,,
1984001010,1984,10,95.1 ,73.5 ,98.3 ,89.5 ,106.5 ,0.3 ,4.5 ,71600 ,0.66 ,67.7 ,,,,,
1984001111,1984,11,94.9 ,74.2 ,102.2 ,90.7 ,105.1 ,0.9 ,3.8 ,71806 ,0.66 ,68.1 ,,,,,
1984001212,1984,12,94.3 ,73.6 ,99.4 ,89.3 ,104.6 ,3.9 ,2.9 ,72013 ,0.67 ,67.2 ,,,,,
1985000101,1985,1,95.2 ,73.7 ,102.9 ,88.3 ,105.9 ,5.5 ,5.4 ,72736 ,0.68 ,66.4 ,,,,,
1985000202,1985,2,95.2 ,73.0 ,101.4 ,89.2 ,106.9 ,0.9 ,3.2 ,73459 ,0.69 ,66.1 ,,,,,
1985000303,1985,3,94.3 ,73.1 ,103.0 ,88.3 ,105.7 ,2.6 ,5.5 ,74182 ,0.68 ,65.0 ,,,,,
1985000404,1985,4,95.7 ,73.5 ,107.4 ,89.6 ,107.2 ,1.1 ,3.1 ,73469 ,0.69 ,69.5 ,,,,,
1985000505,1985,5,96.8 ,73.7 ,104.5 ,90.0 ,109.0 ,2.0 ,2.3 ,72756 ,0.69 ,67.7 ,,,,,
1985000606,1985,6,95.2 ,72.2 ,104.4 ,88.8 ,106.5 ,3.7 ,2.0 ,72043 ,0.69 ,67.8 ,,,,,
1985000707,1985,7,96.6 ,72.7 ,108.4 ,89.7 ,109.5 ,5.4 ,2.1 ,71887 ,0.69 ,68.5 ,,,,,
1985000808,1985,8,95.6 ,71.7 ,110.1 ,88.6 ,109.1 ,4.9 ,2.1 ,71732 ,0.68 ,67.5 ,,,,,
1985000909,1985,9,94.7 ,71.4 ,110.5 ,89.5 ,108.8 ,2.9 ,5.1 ,71576 ,0.68 ,68.2 ,,,,,
1985001010,1985,10,95.7 ,71.7 ,113.4 ,89.6 ,108.8 ,4.9 ,3.8 ,70265 ,0.67 ,68.3 ,,,,,
1985001111,1985,11,95.6 ,71.2 ,113.6 ,91.6 ,112.0 ,3.5 ,2.2 ,68955 ,0.67 ,68.1 ,,,,,
1985001212,1985,12,95.5 ,70.7 ,113.5 ,89.3 ,109.5 ,5.2 ,0.8 ,67644 ,0.67 ,69.7 ,,,,,
1986000101,1986,1,95.5 ,72.0 ,111.7 ,89.7 ,108.6 ,2.9 ,0.3 ,67724 ,0.67 ,67.1 ,,,,,
1986000202,1986,2,95.4 ,72.0 ,111.7 ,90.6 ,108.0 ,3.8 ,-3.4 ,67804 ,0.66 ,67.0 ,,,,,
1986000303,1986,3,95.3 ,71.4 ,109.5 ,89.4 ,110.2 ,2.9 ,-2.6 ,67884 ,0.65 ,65.6 ,,,,,
1986000404,1986,4,95.3 ,72.1 ,113.1 ,90.1 ,108.3 ,5.5 ,-2.8 ,66938 ,0.63 ,67.9 ,,,,,
1986000505,1986,5,95.2 ,72.1 ,112.8 ,91.8 ,108.3 ,1.7 ,-5.9 ,65993 ,0.62 ,67.5 ,,,,,
1986000606,1986,6,95.6 ,72.4 ,112.5 ,90.0 ,110.5 ,2.6 ,-5.7 ,65047 ,0.60 ,68.3 ,,,,,
1986000707,1986,7,95.7 ,72.6 ,111.0 ,90.8 ,108.2 ,-0.1 ,-7.6 ,65168 ,0.60 ,67.2 ,,,,,
1986000808,1986,8,93.3 ,71.2 ,109.1 ,90.2 ,108.4 ,3.0 ,-8.9 ,65289 ,0.61 ,66.4 ,,,,,
1986000909,1986,9,96.6 ,73.3 ,110.8 ,90.9 ,111.3 ,1.5 ,-4.9 ,65410 ,0.61 ,69.2 ,,,,,
1986001010,1986,10,95.2 ,73.0 ,110.5 ,90.9 ,108.1 ,1.5 ,-4.6 ,66645 ,0.61 ,66.3 ,,,,,
1986001111,1986,11,93.8 ,72.1 ,105.4 ,89.9 ,109.0 ,0.4 ,-5.3 ,67880 ,0.61 ,65.3 ,,,,,
1986001212,1986,12,96.4 ,73.0 ,106.8 ,89.9 ,112.6 ,-0.6 ,-4.9 ,69115 ,0.61 ,66.4 ,,,,,
1987000101,1987,1,95.6 ,73.0 ,108.4 ,90.4 ,111.7 ,3.9 ,-7.9 ,69333 ,0.62 ,68.0 ,,,,,
1987000202,1987,2,95.4 ,73.1 ,109.2 ,90.1 ,113.5 ,2.6 ,-4.6 ,69552 ,0.63 ,67.2 ,,,,,
1987000303,1987,3,96.8 ,74.1 ,110.8 ,90.7 ,113.6 ,2.3 ,0.3 ,69770 ,0.64 ,67.0 ,,,,,
1987000404,1987,4,95.7 ,73.5 ,106.3 ,91.4 ,113.6 ,3.3 ,0.5 ,72174 ,0.64 ,67.1 ,,,,,
1987000505,1987,5,94.3 ,73.2 ,108.2 ,91.2 ,112.1 ,6.7 ,-0.2 ,74578 ,0.65 ,66.6 ,,,,,
1987000606,1987,6,97.8 ,75.6 ,110.2 ,91.8 ,114.9 ,5.6 ,3.5 ,76982 ,0.66 ,66.6 ,,,,,
1987000707,1987,7,98.7 ,76.1 ,111.0 ,92.1 ,119.1 ,5.5 ,5.5 ,78879 ,0.68 ,65.9 ,,,,,
1987000808,1987,8,99.1 ,77.0 ,110.9 ,91.5 ,117.2 ,4.4 ,5.8 ,80777 ,0.71 ,68.1 ,,,,,
1987000909,1987,9,100.6 ,78.2 ,112.7 ,91.9 ,118.8 ,7.9 ,7.3 ,82674 ,0.74 ,67.4 ,,,,,
1987001010,1987,10,102.1 ,79.2 ,113.4 ,94.1 ,122.1 ,5.5 ,7.6 ,85034 ,0.77 ,67.4 ,,,,,
1987001111,1987,11,102.6 ,79.5 ,112.4 ,92.9 ,123.9 ,7.7 ,5.3 ,87394 ,0.81 ,68.3 ,,,,,
1987001212,1987,12,103.8 ,79.6 ,114.3 ,93.2 ,123.3 ,7.4 ,5.9 ,89754 ,0.84 ,68.9 ,,,,,
1988000101,1988,1,104.5 ,80.2 ,113.4 ,94.4 ,129.1 ,4.1 ,7.7 ,91049 ,0.87 ,67.9 ,,,,,
1988000202,1988,2,107.4 ,82.8 ,117.1 ,94.3 ,131.1 ,9.4 ,11.6 ,92343 ,0.90 ,68.9 ,,,,,
1988000303,1988,3,105.2 ,81.2 ,112.3 ,95.0 ,125.1 ,7.1 ,11.1 ,93638 ,0.92 ,66.6 ,,,,,
1988000404,1988,4,108.0 ,82.8 ,119.8 ,93.5 ,135.2 ,4.6 ,10.5 ,96076 ,0.95 ,70.0 ,,,,,
1988000505,1988,5,107.0 ,82.1 ,115.9 ,92.1 ,130.5 ,4.3 ,9.1 ,98514 ,0.98 ,70.7 ,,,,,
1988000606,1988,6,107.2 ,82.8 ,115.1 ,93.7 ,130.3 ,6.3 ,9.7 ,100952 ,1.01 ,68.6 ,,,,,
1988000707,1988,7,107.7 ,83.3 ,117.9 ,93.8 ,132.6 ,6.4 ,6.3 ,100942 ,1.04 ,71.3 ,,,,,
1988000808,1988,8,108.2 ,84.1 ,111.7 ,95.3 ,135.3 ,3.9 ,9.8 ,100931 ,1.06 ,71.0 ,,,,,
1988000909,1988,9,110.1 ,84.8 ,119.1 ,94.7 ,134.6 ,3.5 ,7.6 ,100921 ,1.08 ,71.8 ,,,,,
1988001010,1988,10,108.4 ,84.8 ,119.0 ,93.4 ,136.8 ,5.5 ,5.8 ,102635 ,1.10 ,72.9 ,,,,,
1988001111,1988,11,110.6 ,86.0 ,124.2 ,94.6 ,137.4 ,5.8 ,9.3 ,104348 ,1.12 ,73.5 ,,,,,
1988001212,1988,12,111.6 ,87.1 ,120.3 ,95.8 ,137.6 ,4.9 ,8.5 ,106062 ,1.14 ,71.6 ,,,,,
1989000101,1989,1,112.9 ,86.9 ,119.3 ,96.0 ,138.6 ,3.8 ,7.8 ,111439 ,1.15 ,74.4 ,,,,,
1989000202,1989,2,112.0 ,86.7 ,116.3 ,94.7 ,137.9 ,1.6 ,6.7 ,116817 ,1.17 ,73.9 ,,,,,
1989000303,1989,3,116.1 ,89.9 ,121.2 ,95.6 ,144.5 ,11.8 ,17.2 ,122194 ,1.17 ,73.8 ,,,,,
1989000404,1989,4,114.1 ,88.3 ,129.8 ,95.6 ,141.3 ,3.0 ,3.8 ,114108 ,1.19 ,73.0 ,,,,,
1989000505,1989,5,114.0 ,88.4 ,125.3 ,94.9 ,142.2 ,5.4 ,6.9 ,106022 ,1.25 ,73.2 ,,,,,
1989000606,1989,6,115.6 ,89.5 ,127.0 ,96.2 ,143.1 ,4.6 ,9.9 ,97936 ,1.27 ,73.6 ,,,,,
1989000707,1989,7,113.1 ,87.9 ,120.8 ,95.1 ,140.9 ,6.6 ,7.8 ,103226 ,1.30 ,73.8 ,,,,,
1989000808,1989,8,115.3 ,88.8 ,124.5 ,96.1 ,144.9 ,6.5 ,7.7 ,108515 ,1.29 ,75.5 ,,,,,
1989000909,1989,9,114.6 ,88.8 ,125.3 ,96.6 ,143.4 ,6.8 ,9.2 ,113805 ,1.30 ,75.2 ,,,,,
1989001010,1989,10,113.8 ,87.5 ,124.5 ,95.7 ,142.4 ,8.4 ,6.7 ,115519 ,1.31 ,74.5 ,,,,,
1989001111,1989,11,115.0 ,88.7 ,126.2 ,96.7 ,144.3 ,7.3 ,8.0 ,117232 ,1.33 ,73.0 ,,,,,
1989001212,1989,12,115.4 ,89.5 ,126.0 ,97.1 ,146.0 ,8.6 ,9.7 ,118946 ,1.33 ,71.8 ,,,,,
1990000101,1990,1,114.4 ,88.4 ,127.7 ,96.6 ,146.7 ,10.8 ,8.1 ,116648 ,1.33 ,74.4 ,,,,,
1990000202,1990,2,115.4 ,89.4 ,127.3 ,96.1 ,147.2 ,10.2 ,7.6 ,114350 ,1.36 ,76.0 ,,,,,
1990000303,1990,3,117.6 ,90.8 ,134.6 ,97.4 ,147.9 ,4.0 ,2.3 ,112052 ,1.36 ,76.2 ,,,,,
1990000404,1990,4,117.6 ,91.0 ,127.7 ,97.2 ,148.4 ,11.9 ,13.3 ,115417 ,1.35 ,76.5 ,,,,,
1990000505,1990,5,118.5 ,92.0 ,134.1 ,98.8 ,149.1 ,8.8 ,14.6 ,118781 ,1.39 ,78.6 ,,,,,
1990000606,1990,6,118.7 ,91.7 ,136.1 ,98.4 ,153.0 ,10.6 ,11.2 ,122146 ,1.42 ,78.8 ,,,,,
1990000707,1990,7,119.9 ,92.6 ,134.4 ,96.7 ,152.9 ,8.6 ,13.1 ,123577 ,1.46 ,79.3 ,,,,,
1990000808,1990,8,120.6 ,93.6 ,137.8 ,97.6 ,150.0 ,8.2 ,9.7 ,125007 ,1.44 ,78.6 ,,,,,
1990000909,1990,9,119.9 ,93.2 ,131.0 ,98.9 ,149.7 ,8.1 ,10.0 ,126438 ,1.44 ,78.6 ,,,,,
1990001010,1990,10,122.2 ,94.9 ,139.1 ,100.1 ,153.5 ,7.6 ,12.8 ,127074 ,1.44 ,79.7 ,,,,,
1990001111,1990,11,121.4 ,94.1 ,135.1 ,99.1 ,152.1 ,7.1 ,10.4 ,127709 ,1.45 ,81.4 ,,,,,
1990001212,1990,12,121.4 ,94.1 ,137.8 ,98.3 ,153.3 ,6.3 ,11.7 ,128345 ,1.44 ,80.5 ,,,,,
1991000101,1991,1,122.5 ,95.0 ,135.7 ,98.2 ,152.7 ,7.5 ,12.8 ,127171 ,1.43 ,80.8 ,,,,,
1991000202,1991,2,122.7 ,95.2 ,136.0 ,99.5 ,153.0 ,5.9 ,10.2 ,125996 ,1.44 ,78.5 ,,,,,
1991000303,1991,3,121.4 ,94.9 ,132.5 ,98.1 ,152.6 ,6.2 ,6.4 ,124822 ,1.44 ,79.3 ,,,,,
1991000404,1991,4,121.9 ,94.8 ,134.9 ,99.1 ,153.8 ,5.9 ,5.4 ,123806 ,1.41 ,74.5 ,,,,,
1991000505,1991,5,123.1 ,95.8 ,135.1 ,100.0 ,155.1 ,7.2 ,4.3 ,122790 ,1.44 ,79.8 ,,,,,
1991000606,1991,6,119.4 ,93.3 ,130.6 ,98.6 ,151.5 ,6.9 ,2.1 ,121774 ,1.44 ,78.8 ,,,,,
1991000707,1991,7,122.2 ,95.2 ,137.6 ,99.6 ,150.8 ,8.0 ,4.5 ,121049 ,1.44 ,80.2 ,,,,,
1991000808,1991,8,120.5 ,93.7 ,137.6 ,98.4 ,151.4 ,7.4 ,3.4 ,120325 ,1.40 ,80.8 ,,,,,
1991000909,1991,9,120.4 ,93.8 ,137.1 ,98.4 ,150.8 ,6.1 ,1.1 ,119600 ,1.36 ,80.8 ,,,,,
1991001010,1991,10,119.6 ,93.2 ,135.9 ,99.3 ,145.2 ,5.3 ,0.2 ,118545 ,1.36 ,81.7 ,,,,,
1991001111,1991,11,120.4 ,94.1 ,137.3 ,100.9 ,148.4 ,5.9 ,0.6 ,117491 ,1.34 ,81.6 ,,,,,
1991001212,1991,12,118.7 ,92.2 ,133.2 ,99.0 ,146.6 ,3.7 ,-1.7 ,116436 ,1.31 ,82.7 ,,,,,
1992000101,1992,1,117.7 ,92.0 ,136.0 ,98.5 ,140.1 ,5.7 ,-1.5 ,114452 ,1.25 ,82.3 ,,,,,
1992000202,1992,2,117.3 ,91.7 ,135.2 ,100.1 ,143.0 ,5.9 ,-0.9 ,112469 ,1.22 ,82.0 ,,,,,
1992000303,1992,3,115.4 ,90.1 ,133.2 ,98.9 ,141.5 ,0.9 ,-2.1 ,110485 ,1.19 ,81.5 ,,,,,
1992000404,1992,4,115.1 ,89.8 ,129.7 ,98.8 ,138.3 ,3.6 ,-1.6 ,105740 ,1.14 ,79.7 ,,,,,
1992000505,1992,5,112.3 ,88.4 ,126.2 ,99.1 ,135.2 ,2.1 ,-6.6 ,100995 ,1.13 ,80.3 ,,,,,
1992000606,1992,6,114.8 ,90.7 ,127.2 ,98.7 ,137.1 ,1.7 ,-2.1 ,96250 ,1.10 ,81.2 ,,,,,
1992000707,1992,7,114.4 ,90.6 ,125.7 ,99.4 ,137.1 ,0.6 ,-5.6 ,95409 ,1.08 ,79.3 ,,,,,
1992000808,1992,8,110.9 ,87.4 ,121.0 ,97.2 ,132.7 ,-0.6 ,-5.7 ,94568 ,1.05 ,81.0 ,,,,,
1992000909,1992,9,115.4 ,90.6 ,131.2 ,97.8 ,141.3 ,0.1 ,-3.9 ,93727 ,1.02 ,82.0 ,,,,,
1992001010,1992,10,111.6 ,87.5 ,120.8 ,100.8 ,135.2 ,-1.9 ,-5.8 ,91156 ,0.99 ,81.5 ,,,,,
1992001111,1992,11,110.1 ,87.0 ,120.5 ,98.4 ,129.9 ,-3.4 ,-8.5 ,88585 ,0.96 ,81.6 ,,,,,
1992001212,1992,12,109.4 ,86.9 ,121.1 ,97.7 ,129.3 ,-1.9 ,-7.5 ,86014 ,0.93 ,80.5 ,,,,,
1993000101,1993,1,111.4 ,88.4 ,130.9 ,98.0 ,133.1 ,-2.7 ,-8.4 ,87734 ,0.91 ,80.3 ,,,,,
1993000202,1993,2,112.6 ,88.7 ,125.2 ,97.5 ,134.5 ,-2.7 ,-6.1 ,89453 ,0.88 ,82.2 ,,,,,
1993000303,1993,3,108.1 ,86.3 ,122.8 ,98.8 ,130.8 ,-0.6 ,-3.2 ,91173 ,0.85 ,82.7 ,,,,,
1993000404,1993,4,110.1 ,87.4 ,123.1 ,99.7 ,130.5 ,-2.3 ,-4.4 ,89571 ,0.82 ,82.4 ,,,,,
1993000505,1993,5,111.5 ,89.4 ,125.3 ,96.7 ,128.5 ,-2.8 ,-6.9 ,87968 ,0.80 ,79.1 ,,,,,
1993000606,1993,6,109.5 ,87.8 ,120.6 ,96.0 ,128.9 ,-2.3 ,-7.5 ,86366 ,0.76 ,78.9 ,,,,,
1993000707,1993,7,110.1 ,88.1 ,118.4 ,98.8 ,127.9 ,-3.0 ,-5.9 ,84238 ,0.74 ,80.8 ,,,,,
1993000808,1993,8,109.1 ,88.0 ,123.1 ,98.2 ,127.4 ,-1.5 ,-5.3 ,82111 ,0.72 ,78.7 ,,,,,
1993000909,1993,9,109.1 ,87.9 ,126.2 ,98.5 ,128.1 ,-0.7 ,-5.2 ,79983 ,0.70 ,79.9 ,,,,,
1993001010,1993,10,107.7 ,87.2 ,117.9 ,97.7 ,125.1 ,-0.8 ,-7.1 ,78999 ,0.68 ,78.4 ,,,,,
1993001111,1993,11,107.5 ,86.5 ,113.5 ,98.4 ,126.3 ,-1.0 ,-4.3 ,78015 ,0.67 ,77.1 ,,,,,
1993001212,1993,12,106.7 ,86.3 ,112.9 ,97.8 ,126.4 ,-2.7 ,-3.9 ,77031 ,0.66 ,77.6 ,,,,,
1994000101,1994,1,105.4 ,85.9 ,111.7 ,99.9 ,125.6 ,1.3 ,-3.3 ,77455 ,0.65 ,80.9 ,,,,,
1994000202,1994,2,107.2 ,86.9 ,116.1 ,96.6 ,125.4 ,-0.8 ,-4.9 ,77879 ,0.64 ,78.8 ,,,,,
1994000303,1994,3,108.2 ,88.8 ,117.5 ,98.0 ,128.4 ,0.1 ,-2.9 ,78303 ,0.65 ,79.2 ,,,,,
1994000404,1994,4,109.4 ,89.1 ,115.1 ,99.1 ,128.2 ,-1.3 ,-3.7 ,80205 ,0.65 ,79.7 ,,,,,
1994000505,1994,5,109.0 ,88.7 ,113.8 ,97.3 ,130.3 ,0.2 ,-2.7 ,82107 ,0.63 ,78.8 ,,,,,
1994000606,1994,6,110.4 ,90.4 ,116.6 ,98.5 ,129.3 ,0.5 ,-1.1 ,84009 ,0.63 ,82.4 ,,,,,
1994000707,1994,7,111.4 ,91.0 ,120.8 ,97.6 ,130.3 ,3.4 ,-1.4 ,85610 ,0.63 ,81.3 ,,,,,
1994000808,1994,8,112.3 ,91.4 ,115.9 ,98.9 ,133.7 ,3.1 ,-0.2 ,87210 ,0.64 ,81.9 ,,,,,
1994000909,1994,9,111.6 ,91.4 ,116.8 ,98.6 ,127.7 ,1.2 ,-2.2 ,88811 ,0.65 ,82.3 ,,,,,
1994001010,1994,10,112.7 ,92.8 ,119.1 ,97.4 ,131.3 ,0.7 ,-1.3 ,89605 ,0.65 ,82.6 ,,,,,
1994001111,1994,11,113.4 ,93.7 ,121.1 ,98.4 ,131.6 ,2.1 ,1.4 ,90400 ,0.64 ,83.5 ,,,,,
1994001212,1994,12,114.1 ,94.6 ,119.8 ,98.8 ,137.3 ,1.8 ,-0.5 ,91194 ,0.63 ,82.5 ,,,,,
1995000101,1995,1,111.2 ,93.1 ,107.6 ,98.2 ,132.6 ,-0.1 ,-3.1 ,90497 ,0.64 ,79.4 ,,,,,
1995000202,1995,2,113.5 ,94.6 ,117.0 ,98.6 ,130.3 ,1.7 ,-0.6 ,89800 ,0.65 ,87.8 ,,,,,
1995000303,1995,3,114.6 ,95.1 ,117.5 ,98.7 ,134.1 ,0.9 ,-1.3 ,89103 ,0.66 ,85.6 ,,,,,
1995000404,1995,4,116.1 ,96.0 ,121.1 ,98.0 ,137.1 ,0.3 ,-2.1 ,88881 ,0.65 ,86.7 ,,,,,
1995000505,1995,5,113.7 ,95.1 ,115.0 ,98.6 ,135.8 ,0.3 ,-0.3 ,88658 ,0.63 ,87.5 ,,,,,
1995000606,1995,6,114.1 ,95.5 ,116.3 ,99.8 ,134.7 ,0.4 ,-2.5 ,88436 ,0.62 ,88.4 ,,,,,
1995000707,1995,7,112.3 ,93.0 ,110.9 ,98.3 ,135.7 ,-1.8 ,-3.6 ,89543 ,0.61 ,82.0 ,,,,,
1995000808,1995,8,113.3 ,94.3 ,115.8 ,99.3 ,135.6 ,-0.7 ,-2.8 ,90649 ,0.62 ,84.7 ,,,,,
1995000909,1995,9,112.3 ,93.8 ,111.9 ,100.3 ,136.1 ,0.4 ,-3.3 ,91756 ,0.62 ,82.9 ,,,,,
1995001010,1995,10,113.7 ,94.1 ,111.1 ,99.5 ,138.6 ,-0.7 ,-2.8 ,92470 ,0.62 ,82.6 ,,,,,
1995001111,1995,11,114.6 ,94.8 ,113.8 ,99.7 ,140.5 ,0.0 ,-3.0 ,93184 ,0.62 ,83.3 ,,,,,
1995001212,1995,12,116.1 ,96.5 ,115.0 ,100.3 ,141.8 ,-0.5 ,-3.4 ,93898 ,0.63 ,85.2 ,,,,,
1996000101,1996,1,114.0 ,93.9 ,107.2 ,100.0 ,138.8 ,1.5 ,-0.6 ,94585 ,0.65 ,82.7 ,,,,,
1996000202,1996,2,114.2 ,93.8 ,116.6 ,101.1 ,138.3 ,3.7 ,0.3 ,95272 ,0.66 ,82.7 ,,,,,
1996000303,1996,3,114.0 ,93.6 ,114.1 ,99.7 ,142.8 ,1.2 ,-5.3 ,95959 ,0.68 ,83.7 ,,,,,
1996000404,1996,4,114.2 ,93.3 ,115.8 ,100.1 ,145.5 ,1.0 ,-1.4 ,97557 ,0.69 ,82.7 ,,,,,
1996000505,1996,5,115.1 ,94.1 ,116.5 ,101.3 ,146.0 ,0.9 ,-0.9 ,99156 ,0.69 ,83.6 ,,,,,
1996000606,1996,6,115.2 ,93.2 ,116.8 ,99.2 ,147.9 ,0.3 ,-6.1 ,100754 ,0.70 ,83.4 ,,,,,
1996000707,1996,7,116.1 ,94.1 ,120.2 ,100.8 ,147.7 ,-0.8 ,-2.2 ,98827 ,0.72 ,84.6 ,,,,,
1996000808,1996,8,116.6 ,95.0 ,117.6 ,100.5 ,149.6 ,-0.8 ,-5.0 ,96901 ,0.72 ,85.4 ,,,,,
1996000909,1996,9,117.8 ,95.5 ,122.3 ,99.8 ,150.7 ,0.4 ,-4.0 ,94974 ,0.72 ,87.4 ,,,,,
1996001010,1996,10,118.3 ,96.1 ,123.9 ,100.2 ,152.4 ,2.0 ,0.7 ,96235 ,0.73 ,87.4 ,,,,,
1996001111,1996,11,118.7 ,96.7 ,126.5 ,102.4 ,153.5 ,2.9 ,-1.4 ,97495 ,0.74 ,90.5 ,,,,,
1996001212,1996,12,119.8 ,98.0 ,126.9 ,100.5 ,152.0 ,0.6 ,0.1 ,98756 ,0.74 ,91.3 ,,,,,
1997000101,1997,1,121.4 ,99.4 ,133.9 ,100.7 ,156.9 ,2.1 ,2.6 ,102202 ,0.74 ,92.0 ,,,,,
1997000202,1997,2,121.7 ,99.5 ,126.7 ,102.0 ,156.5 ,1.9 ,-0.4 ,105647 ,0.74 ,91.9 ,,,,,
1997000303,1997,3,122.5 ,100.5 ,129.5 ,99.2 ,154.6 ,12.4 ,4.6 ,109093 ,0.74 ,92.0 ,,,,,
1997000404,1997,4,119.3 ,97.8 ,130.6 ,101.1 ,149.0 ,-3.8 ,-4.2 ,107536 ,0.74 ,94.4 ,,,,,
1997000505,1997,5,122.7 ,100.5 ,131.0 ,104.2 ,151.6 ,-1.3 ,-0.7 ,105980 ,0.74 ,95.1 ,,,,,
1997000606,1997,6,121.8 ,100.1 ,131.8 ,101.2 ,153.9 ,-2.1 ,0.7 ,104423 ,0.74 ,96.3 ,,,,,
1997000707,1997,7,122.6 ,100.7 ,131.0 ,101.5 ,152.2 ,-2.2 ,-0.6 ,101847 ,0.74 ,97.1 ,,,,,
1997000808,1997,8,121.9 ,100.7 ,129.7 ,99.3 ,155.4 ,-0.7 ,-0.8 ,99272 ,0.73 ,97.4 ,,,,,
1997000909,1997,9,120.9 ,100.0 ,129.8 ,100.2 ,150.7 ,-2.6 ,-0.1 ,96696 ,0.71 ,96.8 ,,,,,
1997001010,1997,10,120.0 ,99.8 ,127.7 ,101.0 ,150.1 ,-1.4 ,-1.5 ,94623 ,0.70 ,99.4 ,,,,,
1997001111,1997,11,118.5 ,98.1 ,122.8 ,99.4 ,148.4 ,-5.1 ,-6.6 ,92551 ,0.68 ,98.0 ,,,,,
1997001212,1997,12,117.4 ,97.7 ,125.5 ,99.7 ,146.2 ,-4.9 ,-4.4 ,90478 ,0.67 ,98.2 ,,,,,
1998000101,1998,1,119.0 ,97.5 ,126.5 ,100.2 ,150.8 ,-3.5 ,-4.8 ,86070 ,0.63 ,95.4 ,,,,,
1998000202,1998,2,116.1 ,96.0 ,123.9 ,99.3 ,146.8 ,-7.4 ,-6.0 ,81661 ,0.61 ,96.7 ,,,,,
1998000303,1998,3,113.6 ,93.6 ,119.1 ,99.6 ,145.0 ,-14.3 ,-8.6 ,77253 ,0.57 ,95.7 ,,,,,
1998000404,1998,4,113.0 ,94.1 ,121.6 ,100.1 ,144.1 ,-1.6 ,-5.2 ,75839 ,0.56 ,95.8 ,,,,,
1998000505,1998,5,112.0 ,94.2 ,121.2 ,99.1 ,141.4 ,-3.1 ,-8.2 ,74426 ,0.54 ,96.8 ,,,,,
1998000606,1998,6,112.1 ,93.8 ,120.8 ,99.3 ,138.3 ,-4.5 ,-5.6 ,73012 ,0.52 ,94.8 ,,,,,
1998000707,1998,7,111.9 ,93.6 ,124.6 ,99.2 ,139.9 ,-4.6 ,-4.8 ,74425 ,0.51 ,95.0 ,,,,,
1998000808,1998,8,109.4 ,91.9 ,120.2 ,97.9 ,134.6 ,-5.1 ,-7.1 ,75839 ,0.50 ,93.1 ,,,,,
1998000909,1998,9,111.2 ,93.8 ,121.9 ,98.0 ,139.7 ,-4.7 ,-9.3 ,77252 ,0.49 ,93.9 ,,,,,
1998001010,1998,10,110.5 ,92.6 ,123.1 ,100.8 ,135.2 ,-6.5 ,-7.3 ,75389 ,0.48 ,91.4 ,,,,,
1998001111,1998,11,110.1 ,93.2 ,123.1 ,98.6 ,132.6 ,-3.0 ,-4.4 ,73527 ,0.47 ,92.7 ,,,,,
1998001212,1998,12,109.9 ,93.0 ,124.4 ,98.2 ,133.1 ,-4.9 ,-6.2 ,71664 ,0.47 ,93.6 ,,,,,
1999000101,1999,1,111.2 ,94.8 ,127.2 ,98.7 ,134.2 ,-6.2 ,-9.7 ,73913 ,0.48 ,95.4 ,,,,,
1999000202,1999,2,111.2 ,94.7 ,123.0 ,96.8 ,132.9 ,-3.9 ,-8.2 ,76161 ,0.48 ,89.6 ,,,,,
1999000303,1999,3,113.1 ,97.0 ,124.4 ,98.4 ,133.8 ,-3.9 ,-7.7 ,78410 ,0.48 ,93.6 ,,,,,
1999000404,1999,4,110.6 ,95.8 ,121.2 ,98.1 ,130.2 ,-2.3 ,-4.9 ,79336 ,0.47 ,93.4 ,,,,,
1999000505,1999,5,112.7 ,96.8 ,126.2 ,96.0 ,134.3 ,-3.5 ,-7.1 ,80261 ,0.46 ,93.9 ,,,,,
1999000606,1999,6,111.7 ,97.0 ,122.9 ,96.6 ,133.5 ,-2.2 ,-5.4 ,81187 ,0.46 ,95.6 ,,,,,
1999000707,1999,7,112.6 ,98.0 ,123.0 ,97.1 ,134.9 ,-2.6 ,-6.7 ,84711 ,0.47 ,95.7 ,,,,,
1999000808,1999,8,113.2 ,98.7 ,125.1 ,98.4 ,134.3 ,-1.7 ,-3.7 ,88235 ,0.47 ,97.7 ,,,,,
1999000909,1999,9,114.1 ,100.5 ,126.9 ,98.4 ,136.1 ,-1.9 ,-7.4 ,91759 ,0.48 ,99.3 ,,,,,
1999001010,1999,10,114.2 ,101.4 ,127.3 ,97.0 ,133.8 ,-0.4 ,-8.5 ,92867 ,0.49 ,99.8 ,,,,,
1999001111,1999,11,115.6 ,102.4 ,129.1 ,97.6 ,137.2 ,-3.0 ,-4.8 ,93975 ,0.49 ,101.4 ,,,,,
1999001212,1999,12,115.4 ,101.9 ,127.8 ,97.3 ,133.9 ,-1.4 ,-4.3 ,95083 ,0.50 ,102.3 ,,,,,
2000000101,2000,1,115.4 ,101.5 ,126.2 ,97.7 ,135.9 ,-1.7 ,-4.6 ,98374 ,0.51 ,103.8 ,,,,,
2000000202,2000,2,115.1 ,102.0 ,128.4 ,98.5 ,135.9 ,0.1 ,-1.8 ,101664 ,0.52 ,103.5 ,,,,,
2000000303,2000,3,117.1 ,103.5 ,129.1 ,100.2 ,138.3 ,-3.3 ,-5.9 ,104955 ,0.54 ,103.9 ,,,,,
2000000404,2000,4,118.6 ,106.1 ,135.6 ,97.8 ,139.6 ,-3.3 ,-5.6 ,104300 ,0.56 ,105.3 ,,,,,
2000000505,2000,5,118.2 ,105.7 ,132.0 ,97.9 ,137.5 ,-2.3 ,-1.4 ,103646 ,0.56 ,105.9 ,,,,,
2000000606,2000,6,119.9 ,106.8 ,135.3 ,98.7 ,142.6 ,-0.9 ,-1.5 ,102991 ,0.58 ,108.9 ,,,,,
2000000707,2000,7,119.3 ,106.8 ,132.5 ,96.9 ,140.9 ,-0.4 ,-5.2 ,104286 ,0.60 ,105.9 ,,,,,
2000000808,2000,8,120.9 ,107.9 ,134.5 ,98.8 ,147.3 ,-0.9 ,-1.0 ,105580 ,0.61 ,106.8 ,,,,,
2000000909,2000,9,118.5 ,105.9 ,132.0 ,99.9 ,142.3 ,-1.2 ,-5.6 ,106875 ,0.62 ,105.4 ,,,,,
2000001010,2000,10,120.4 ,107.3 ,132.9 ,99.5 ,145.1 ,-2.1 ,-0.9 ,109766 ,0.64 ,105.9 ,,,,,
2000001111,2000,11,120.8 ,107.4 ,132.7 ,99.5 ,144.7 ,-0.8 ,-1.6 ,112657 ,0.65 ,104.9 ,,,,,
2000001212,2000,12,122.4 ,107.6 ,137.0 ,99.9 ,147.7 ,-0.8 ,1.0 ,115548 ,0.65 ,103.7 ,,,,,
2001000101,2001,1,117.2 ,103.6 ,127.7 ,99.4 ,143.0 ,1.4 ,-0.1 ,110520 ,0.65 ,99.1 ,,,,,
2001000202,2001,2,118.5 ,104.1 ,132.9 ,99.0 ,144.8 ,-0.5 ,-3.7 ,105493 ,0.64 ,101.2 ,,,,,
2001000303,2001,3,116.5 ,101.9 ,133.6 ,98.5 ,139.6 ,1.7 ,-4.3 ,100465 ,0.63 ,100.7 ,,,,,
2001000404,2001,4,115.3 ,99.9 ,131.7 ,97.9 ,139.2 ,-1.2 ,-3.2 ,99737 ,0.62 ,98.3 ,,,,,
2001000505,2001,5,113.0 ,97.7 ,129.5 ,99.0 ,135.5 ,-1.3 ,-3.2 ,99009 ,0.61 ,94.7 ,,,,,
2001000606,2001,6,111.6 ,96.8 ,130.4 ,99.1 ,134.3 ,-2.1 ,-4.2 ,98281 ,0.61 ,94.0 ,,,,,
2001000707,2001,7,109.9 ,95.5 ,130.5 ,97.4 ,129.5 ,-2.6 ,-4.9 ,93093 ,0.60 ,95.1 ,,,,,
2001000808,2001,8,108.5 ,94.4 ,131.2 ,98.1 ,125.4 ,-3.4 ,-6.9 ,87904 ,0.58 ,94.2 ,,,,,
2001000909,2001,9,106.3 ,93.4 ,126.6 ,96.9 ,123.3 ,-2.1 ,-8.9 ,82716 ,0.57 ,93.8 ,,,,,
2001001010,2001,10,106.2 ,92.2 ,129.8 ,98.1 ,121.6 ,-4.3 ,-6.9 ,81331 ,0.54 ,94.4 ,,,,,
2001001111,2001,11,104.5 ,91.6 ,122.9 ,99.3 ,121.3 ,-2.4 ,-8.2 ,79946 ,0.52 ,92.7 ,,,,,
2001001212,2001,12,105.6 ,92.8 ,120.6 ,97.0 ,122.4 ,-5.2 ,-9.0 ,78561 ,0.51 ,91.0 ,,,,,
2002000101,2002,1,104.8 ,93.2 ,124.4 ,95.7 ,120.0 ,-4.2 ,-8.8 ,79172 ,0.50 ,96.2 ,,,,,
2002000202,2002,2,106.4 ,95.6 ,127.5 ,97.1 ,119.5 ,-5.9 ,-9.1 ,79782 ,0.51 ,97.4 ,,,,,
2002000303,2002,3,107.3 ,97.3 ,126.0 ,96.0 ,120.4 ,-4.9 ,-10.2 ,80393 ,0.52 ,100.1 ,,,,,
2002000404,2002,4,106.7 ,99.1 ,126.5 ,96.4 ,114.6 ,-4.1 ,-4.8 ,82829 ,0.52 ,101.2 ,,,,,
2002000505,2002,5,111.3 ,103.0 ,133.9 ,97.1 ,123.0 ,-2.8 ,-4.9 ,85265 ,0.53 ,103.6 ,,,,,
2002000606,2002,6,110.1 ,100.9 ,129.0 ,95.4 ,117.7 ,-3.1 ,-7.3 ,87701 ,0.53 ,105.4 ,,,,,
2002000707,2002,7,110.9 ,101.4 ,129.5 ,98.3 ,117.2 ,-5.1 ,-3.8 ,88904 ,0.54 ,105.3 ,,,,,
2002000808,2002,8,111.2 ,102.6 ,132.0 ,97.5 ,121.3 ,-1.6 ,-5.3 ,90106 ,0.55 ,105.3 ,,,,,
2002000909,2002,9,112.0 ,103.5 ,134.0 ,96.3 ,122.1 ,-2.3 ,-4.2 ,91309 ,0.55 ,105.9 ,,,,,
2002001010,2002,10,112.1 ,103.7 ,133.1 ,97.3 ,120.2 ,-2.1 ,-2.5 ,90747 ,0.56 ,104.9 ,,,,,
2002001111,2002,11,111.6 ,103.5 ,139.4 ,97.8 ,119.7 ,-1.2 ,-1.2 ,90186 ,0.56 ,108.4 ,,,,,
2002001212,2002,12,111.5 ,102.6 ,133.6 ,96.8 ,117.7 ,-2.2 ,-2.6 ,89624 ,0.57 ,104.9 ,,,,,
2003000101,2003,1,112.1 ,105.7 ,134.1 ,96.9 ,118.1 ,-1.3 ,-0.5 ,90345 ,0.58 ,104.9 ,,,,,
2003000202,2003,2,111.6 ,105.8 ,132.7 ,96.9 ,120.4 ,1.0 ,0.5 ,91067 ,0.59 ,107.1 ,,,,,
2003000303,2003,3,112.3 ,105.6 ,129.8 ,96.2 ,120.3 ,0.4 ,0.5 ,91788 ,0.60 ,105.6 ,,,,,
2003000404,2003,4,110.9 ,104.7 ,133.2 ,96.0 ,113.7 ,-1.1 ,-0.2 ,91873 ,0.61 ,106.3 ,,,,,
2003000505,2003,5,112.4 ,105.9 ,132.7 ,99.0 ,117.0 ,-0.3 ,0.1 ,91958 ,0.61 ,104.7 ,,,,,
2003000606,2003,6,111.5 ,105.1 ,132.9 ,97.1 ,117.6 ,-0.1 ,1.6 ,92043 ,0.62 ,105.7 ,,,,,
2003000707,2003,7,112.3 ,106.5 ,131.8 ,98.2 ,117.0 ,-0.7 ,-1.2 ,94365 ,0.63 ,107.0 ,,,,,
2003000808,2003,8,110.9 ,106.4 ,132.7 ,95.8 ,116.8 ,0.2 ,-0.4 ,96687 ,0.65 ,107.4 ,,,,,
2003000909,2003,9,114.1 ,107.9 ,136.7 ,97.1 ,121.2 ,0.3 ,1.3 ,99009 ,0.67 ,109.2 ,,,,,
2003001010,2003,10,116.1 ,110.9 ,137.7 ,99.0 ,124.5 ,2.4 ,3.9 ,102518 ,0.70 ,111.7 ,,,,,
2003001111,2003,11,115.7 ,110.2 ,135.9 ,95.8 ,120.9 ,-1.1 ,-2.3 ,106026 ,0.72 ,113.0 ,,,,,
2003001212,2003,12,115.6 ,111.5 ,138.3 ,97.6 ,122.5 ,1.7 ,2.9 ,109535 ,0.75 ,116.9 ,,,,,
2004000101,2004,1,117.5 ,113.8 ,138.8 ,98.4 ,127.1 ,3.3 ,3.5 ,111350 ,0.76 ,117.3 ,,,,,
2004000202,2004,2,117.3 ,112.8 ,136.9 ,98.0 ,125.8 ,4.1 ,2.3 ,113166 ,0.76 ,117.7 ,,,,,
2004000303,2004,3,116.7 ,111.4 ,136.7 ,101.6 ,125.9 ,0.6 ,2.1 ,114981 ,0.77 ,118.5 ,,,,,
2004000404,2004,4,118.7 ,113.5 ,136.1 ,100.1 ,127.5 ,1.1 ,5.0 ,116901 ,0.78 ,121.0 ,,,,,
2004000505,2004,5,118.7 ,114.7 ,138.3 ,96.2 ,129.4 ,-0.4 ,-1.2 ,118821 ,0.80 ,121.7 ,,,,,
2004000606,2004,6,119.0 ,114.6 ,137.7 ,97.9 ,130.3 ,-0.9 ,5.2 ,120741 ,0.82 ,120.8 ,,,,,
2004000707,2004,7,120.5 ,115.1 ,144.7 ,98.6 ,132.0 ,2.6 ,6.0 ,121547 ,0.83 ,120.3 ,,,,,
2004000808,2004,8,119.2 ,113.9 ,134.4 ,98.0 ,130.3 ,-0.4 ,4.9 ,122353 ,0.84 ,120.3 ,,,,,
2004000909,2004,9,119.4 ,113.9 ,138.0 ,98.1 ,130.7 ,0.7 ,1.3 ,123159 ,0.86 ,119.6 ,,,,,
2004001010,2004,10,117.6 ,113.0 ,138.8 ,96.8 ,128.4 ,-0.1 ,0.0 ,123429 ,0.88 ,118.7 ,,,,,
2004001111,2004,11,118.7 ,114.2 ,141.2 ,97.4 ,129.4 ,1.2 ,5.1 ,123698 ,0.91 ,119.0 ,,,,,
2004001212,2004,12,117.2 ,111.9 ,137.1 ,98.0 ,130.3 ,-0.5 ,1.0 ,123968 ,0.92 ,117.3 ,,,,,
2005000101,2005,1,119.8 ,113.8 ,136.9 ,98.4 ,130.8 ,2.6 ,0.6 ,125982 ,0.91 ,117.0 ,,,,,
2005000202,2005,2,119.6 ,113.5 ,139.3 ,96.5 ,127.9 ,-3.0 ,-0.4 ,127997 ,0.91 ,116.0 ,,,,,
2005000303,2005,3,120.0 ,114.5 ,139.7 ,98.2 ,130.8 ,-0.2 ,-4.1 ,130011 ,0.93 ,117.7 ,,,,,
2005000404,2005,4,120.6 ,115.3 ,147.3 ,98.6 ,133.0 ,3.5 ,-1.9 ,128932 ,0.94 ,118.0 ,,,,,
2005000505,2005,5,119.8 ,114.3 ,138.6 ,97.3 ,130.0 ,2.6 ,-1.7 ,127853 ,0.94 ,118.4 ,,,,,
2005000606,2005,6,120.1 ,116.3 ,141.8 ,98.7 ,131.3 ,2.8 ,-3.1 ,126774 ,0.95 ,120.0 ,,,,,
2005000707,2005,7,119.2 ,115.2 ,141.8 ,97.5 ,130.1 ,0.3 ,-4.8 ,126513 ,0.96 ,120.7 ,,,,,
2005000808,2005,8,119.3 ,115.5 ,139.7 ,99.2 ,134.2 ,1.3 ,0.5 ,126252 ,0.96 ,120.4 ,,,,,
2005000909,2005,9,120.4 ,117.5 ,144.1 ,100.0 ,131.9 ,-0.1 ,-3.1 ,125991 ,0.96 ,122.7 ,,,,,
2005001010,2005,10,119.8 ,117.7 ,144.3 ,98.9 ,132.6 ,-0.6 ,-1.9 ,127208 ,0.98 ,124.4 ,,,,,
2005001111,2005,11,121.7 ,118.2 ,143.3 ,98.6 ,135.9 ,0.4 ,0.4 ,128424 ,0.99 ,125.7 ,,,,,
2005001212,2005,12,121.9 ,118.3 ,147.3 ,99.2 ,137.4 ,1.1 ,0.9 ,129641 ,1.01 ,124.5 ,,,,,
2006000101,2006,1,122.5 ,118.8 ,149.5 ,99.5 ,134.1 ,-0.5 ,2.9 ,130660 ,1.03 ,125.5 ,,,,,
2006000202,2006,2,122.4 ,118.7 ,149.0 ,101.0 ,133.7 ,1.1 ,2.5 ,131679 ,1.04 ,128.8 ,,,,,
2006000303,2006,3,123.0 ,119.3 ,152.6 ,101.2 ,134.1 ,1.0 ,-0.5 ,132698 ,1.05 ,129.5 ,,,,,
2006000404,2006,4,125.5 ,120.3 ,158.8 ,99.7 ,137.9 ,-0.9 ,0.9 ,132623 ,1.05 ,127.6 ,,,,,
2006000505,2006,5,123.7 ,118.6 ,153.6 ,100.4 ,136.7 ,0.0 ,4.5 ,132549 ,1.07 ,131.6 ,,,,,
2006000606,2006,6,125.2 ,121.1 ,151.8 ,101.0 ,140.4 ,0.1 ,1.7 ,132474 ,1.07 ,129.9 ,,,,,
2006000707,2006,7,125.7 ,122.0 ,153.8 ,99.3 ,137.7 ,-0.2 ,2.3 ,134618 ,1.08 ,130.8 ,,,,,
2006000808,2006,8,126.1 ,123.6 ,155.1 ,100.9 ,136.2 ,0.8 ,3.0 ,136761 ,1.07 ,130.7 ,,,,,
2006000909,2006,9,126.1 ,122.4 ,154.1 ,101.1 ,137.0 ,0.5 ,0.0 ,138905 ,1.07 ,131.5 ,,,,,
2006001010,2006,10,127.1 ,122.5 ,153.6 ,101.1 ,139.4 ,-0.2 ,4.0 ,139902 ,1.06 ,131.3 ,,,,,
2006001111,2006,11,127.6 ,123.5 ,159.1 ,100.9 ,138.3 ,-0.4 ,1.1 ,140900 ,1.06 ,132.2 ,,,,,
2006001212,2006,12,127.9 ,124.1 ,157.2 ,101.0 ,138.1 ,-0.3 ,-0.8 ,141897 ,1.06 ,132.8 ,,,,,
2007000101,2007,1,126.4 ,123.3 ,157.4 ,100.9 ,139.0 ,-1.0 ,-0.3 ,144038 ,1.06 ,136.8 ,,,,,
2007000202,2007,2,127.2 ,123.6 ,157.5 ,101.1 ,140.6 ,-0.2 ,0.2 ,146179 ,1.05 ,128.9 ,,,,,
2007000303,2007,3,127.2 ,124.2 ,156.7 ,101.1 ,133.7 ,-0.6 ,-2.0 ,148320 ,1.05 ,130.8 ,,,,,
2007000404,2007,4,126.7 ,124.2 ,156.9 ,100.6 ,137.0 ,0.1 ,2.3 ,145623 ,1.07 ,134.5 ,,,,,
2007000505,2007,5,128.1 ,125.1 ,159.1 ,103.1 ,139.0 ,0.8 ,4.6 ,142927 ,1.07 ,135.3 ,,,,,
2007000606,2007,6,128.2 ,125.4 ,162.3 ,101.3 ,138.4 ,0.3 ,2.8 ,140230 ,1.07 ,135.9 ,,,,,
2007000707,2007,7,128.3 ,125.6 ,151.9 ,100.7 ,139.8 ,-1.5 ,3.8 ,139520 ,1.06 ,134.2 ,,,,,
2007000808,2007,8,131.6 ,128.4 ,172.7 ,101.5 ,138.8 ,1.2 ,2.0 ,138809 ,1.05 ,138.8 ,,,,,
2007000909,2007,9,129.5 ,127.6 ,164.2 ,98.9 ,136.7 ,1.2 ,0.1 ,138099 ,1.03 ,137.5 ,,,,,
2007001010,2007,10,132.0 ,130.6 ,167.7 ,101.3 ,137.0 ,1.5 ,4.6 ,136371 ,1.01 ,141.6 ,,,,,
2007001111,2007,11,130.1 ,128.8 ,167.2 ,103.9 ,135.7 ,2.1 ,4.0 ,134643 ,0.98 ,140.8 ,,,,,
2007001212,2007,12,131.0 ,130.5 ,170.9 ,100.4 ,136.7 ,0.8 ,2.4 ,132915 ,0.98 ,143.3 ,,,,,
2008000101,2008,1,131.6 ,129.9 ,173.1 ,99.4 ,134.2 ,1.9 ,4.4 ,131701 ,0.97 ,144.3 ,,,,,
2008000202,2008,2,132.0 ,130.2 ,170.3 ,102.6 ,134.1 ,3.5 ,6.4 ,130487 ,0.96 ,141.0 ,,,,,
2008000303,2008,3,130.8 ,129.4 ,169.7 ,100.2 ,133.4 ,1.6 ,2.0 ,129273 ,0.96 ,144.2 ,,,,,
2008000404,2008,4,130.0 ,126.4 ,170.6 ,100.4 ,131.9 ,-0.1 ,5.6 ,128642 ,0.96 ,140.2 ,,,,,
2008000505,2008,5,130.6 ,126.5 ,166.9 ,102.7 ,137.2 ,0.3 ,4.9 ,128010 ,0.95 ,141.4 ,,,,,
2008000606,2008,6,127.0 ,123.0 ,158.0 ,99.5 ,129.7 ,0.3 ,4.9 ,127379 ,0.92 ,138.9 ,,,,,
2008000707,2008,7,126.8 ,123.1 ,157.2 ,101.3 ,126.8 ,2.1 ,11.0 ,120846 ,0.89 ,140.5 ,,,,,
2008000808,2008,8,122.4 ,118.0 ,150.2 ,98.7 ,124.1 ,0.7 ,3.3 ,114312 ,0.86 ,139.0 ,,,,,
2008000909,2008,9,123.8 ,118.4 ,149.0 ,99.5 ,123.9 ,-0.3 ,3.9 ,107779 ,0.83 ,137.0 ,,,,,
2008001010,2008,10,120.8 ,114.4 ,142.6 ,101.7 ,122.4 ,-0.6 ,-1.7 ,90388 ,0.79 ,129.1 ,,,,,
2008001111,2008,11,112.7 ,103.9 ,133.2 ,97.9 ,114.7 ,-0.7 ,-11.3 ,72997 ,0.75 ,112.4 ,,,,,
2008001212,2008,12,103.5 ,93.3 ,119.9 ,97.6 ,109.3 ,-2.6 ,-14.3 ,55606 ,0.71 ,100.7 ,,,,,
2009000101,2009,1,94.3 ,82.6 ,99.5 ,97.5 ,105.3 ,-2.0 ,-20.3 ,43653 ,0.64 ,83.2 ,,,,,
2009000202,2009,2,86.2 ,76.9 ,96.1 ,95.9 ,98.3 ,-5.4 ,-26.7 ,31701 ,0.57 ,80.3 ,,,,,
2009000303,2009,3,87.3 ,79.7 ,96.9 ,94.4 ,97.1 ,-3.6 ,-29.4 ,19748 ,0.52 ,85.5 ,,,,,
2009000404,2009,4,91.2 ,84.6 ,97.1 ,96.3 ,88.6 ,-2.7 ,-28.2 ,30605 ,0.49 ,90.1 ,,,,,
2009000505,2009,5,94.5 ,88.9 ,108.8 ,94.8 ,87.6 ,-2.7 ,-30.8 ,41461 ,0.46 ,94.0 ,,,,,
2009000606,2009,6,96.3 ,92.6 ,113.2 ,95.6 ,86.8 ,-3.0 ,-28.9 ,52318 ,0.44 ,98.5 ,,,,,
2009000707,2009,7,97.6 ,94.9 ,111.6 ,97.5 ,85.4 ,-2.5 ,-30.1 ,61450 ,0.43 ,100.3 ,,,,,
2009000808,2009,8,99.0 ,96.9 ,113.5 ,95.5 ,89.5 ,-1.7 ,-28.1 ,70581 ,0.42 ,104.4 ,,,,,
2009000909,2009,9,102.4 ,101.4 ,120.5 ,95.8 ,90.9 ,-1.3 ,-27.2 ,79713 ,0.43 ,105.8 ,,,,,
2009001010,2009,10,105.0 ,104.1 ,126.7 ,96.4 ,91.0 ,-1.0 ,-24.1 ,85211 ,0.44 ,112.5 ,,,,,
2009001111,2009,11,107.2 ,106.3 ,132.4 ,95.8 ,91.4 ,-1.2 ,-18.1 ,90710 ,0.44 ,113.2 ,,,,,
2009001212,2009,12,108.1 ,109.2 ,133.1 ,96.2 ,93.5 ,-0.3 ,-13.6 ,96208 ,0.44 ,113.7 ,,,,,
2010000101,2010,1,110.9 ,114.5 ,138.6 ,97.8 ,96.4 ,2.0 ,-4.8 ,95874 ,0.45 ,118.8 ,,,,,
2010000202,2010,2,111.3 ,114.3 ,141.9 ,97.1 ,100.4 ,3.9 ,-1.1 ,95540 ,0.46 ,116.4 ,,,,,
2010000303,2010,3,111.5 ,114.7 ,144.0 ,99.3 ,101.0 ,4.5 ,2.8 ,95206 ,0.48 ,121.4 ,,,,,
2010000404,2010,4,112.7 ,113.6 ,141.7 ,98.8 ,102.2 ,4.6 ,4.4 ,102279 ,0.49 ,123.8 ,,,,,
2010000505,2010,5,112.5 ,114.1 ,134.7 ,96.4 ,98.9 ,2.8 ,1.9 ,109352 ,0.50 ,124.2 ,,,,,
2010000606,2010,6,111.6 ,111.0 ,134.0 ,97.3 ,102.6 ,3.3 ,1.7 ,116425 ,0.51 ,123.3 ,,,,,
2010000707,2010,7,112.9 ,111.4 ,132.2 ,98.0 ,103.6 ,4.3 ,1.2 ,116596 ,0.53 ,124.7 ,,,,,
2010000808,2010,8,113.3 ,111.2 ,136.4 ,97.7 ,103.7 ,4.6 ,2.5 ,116767 ,0.54 ,118.0 ,,,,,
2010000909,2010,9,115.1 ,110.7 ,139.1 ,98.9 ,105.9 ,1.9 ,2.7 ,116938 ,0.55 ,123.1 ,,,,,
2010001010,2010,10,111.9 ,109.3 ,134.9 ,97.2 ,107.6 ,0.6 ,1.5 ,119142 ,0.56 ,123.1 ,,,,,
2010001111,2010,11,113.6 ,112.8 ,138.8 ,97.5 ,108.3 ,2.1 ,7.3 ,121346 ,0.58 ,125.4 ,,,,,
2010001212,2010,12,114.3 ,114.1 ,139.2 ,98.0 ,107.7 ,-1.9 ,6.3 ,123550 ,0.59 ,127.5 ,,,,,
2011000101,2011,1,114.8 ,116.2 ,135.1 ,98.3 ,107.9 ,0.3 ,5.2 ,118791 ,0.60 ,123.7 ,,,,,
2011000202,2011,2,115.5 ,117.8 ,139.3 ,98.2 ,112.4 ,0.4 ,7.8 ,114033 ,0.62 ,128.6 ,,,,,
2011000303,2011,3,96.5 ,101.0 ,99.7 ,97.6 ,100.0 ,-8.0 ,1.5 ,109274 ,0.62 ,115.2 ,,,,,
2011000404,2011,4,98.6 ,97.7 ,76.9 ,96.5 ,105.1 ,-3.9 ,-1.3 ,102716 ,0.62 ,107.0 ,,,,,
2011000505,2011,5,105.3 ,99.6 ,94.4 ,96.5 ,107.9 ,-0.4 ,2.4 ,96157 ,0.61 ,113.9 ,,,,,
2011000606,2011,6,109.8 ,104.8 ,123.9 ,98.4 ,109.6 ,1.9 ,3.8 ,89599 ,0.62 ,117.7 ,,,,,
2011000707,2011,7,111.1 ,106.3 ,128.2 ,96.4 ,109.1 ,0.9 ,2.9 ,95861 ,0.64 ,118.3 ,,,,,
2011000808,2011,8,113.0 ,108.7 ,129.5 ,97.7 ,109.9 ,-2.4 ,4.9 ,102124 ,0.65 ,118.0 ,,,,,
2011000909,2011,9,112.0 ,109.4 ,131.3 ,98.7 ,104.2 ,-1.5 ,0.7 ,108386 ,0.67 ,121.5 ,,,,,
2011001010,2011,10,114.0 ,110.9 ,137.9 ,96.8 ,110.0 ,1.4 ,0.9 ,107975 ,0.69 ,117.9 ,,,,,
2011001111,2011,11,111.5 ,107.7 ,125.2 ,98.1 ,111.4 ,-2.3 ,-2.2 ,107563 ,0.71 ,115.7 ,,,,,
2011001212,2011,12,113.7 ,111.7 ,140.8 ,98.6 ,111.7 ,2.5 ,-2.1 ,107152 ,0.72 ,116.3 ,,,,,
2012000101,2012,1,114.2 ,111.0 ,146.1 ,97.8 ,111.0 ,1.6 ,-3.8 ,108414 ,0.74 ,113.6 ,,,,,
2012000202,2012,2,114.0 ,112.6 ,148.7 ,101.7 ,108.7 ,3.1 ,-1.3 ,109675 ,0.75 ,116.8 ,,,,,
2012000303,2012,3,113.7 ,114.1 ,141.0 ,99.5 ,109.7 ,9.3 ,0.9 ,110937 ,0.77 ,117.2 ,,,,,
2012000404,2012,4,113.2 ,111.4 ,137.6 ,97.3 ,108.1 ,5.0 ,0.4 ,108443 ,0.78 ,115.9 ,,,,,
2012000505,2012,5,111.2 ,109.5 ,130.9 ,99.5 ,111.3 ,3.0 ,2.6 ,105950 ,0.79 ,119.7 ,,,,,
2012000606,2012,6,110.3 ,108.0 ,123.7 ,98.3 ,107.6 ,-0.2 ,-3.6 ,103456 ,0.80 ,114.0 ,,,,,
2012000707,2012,7,109.8 ,106.5 ,123.5 ,97.2 ,106.9 ,-1.3 ,-4.0 ,103494 ,0.81 ,111.5 ,,,,,
2012000808,2012,8,108.1 ,105.9 ,124.2 ,98.4 ,104.8 ,1.3 ,-4.4 ,103533 ,0.82 ,109.9 ,,,,,
2012000909,2012,9,105.8 ,104.0 ,114.3 ,97.4 ,103.9 ,0.4 ,-5.1 ,103571 ,0.81 ,109.1 ,,,,,
2012001010,2012,10,106.1 ,104.5 ,112.4 ,98.6 ,102.0 ,-1.2 ,-1.8 ,102762 ,0.82 ,106.9 ,,,,,
2012001111,2012,11,105.1 ,103.9 ,108.8 ,100.4 ,100.9 ,0.9 ,-1.6 ,101953 ,0.82 ,105.4 ,,,,,
2012001212,2012,12,106.6 ,106.6 ,117.0 ,97.0 ,105.1 ,0.2 ,-2.5 ,101144 ,0.83 ,106.1 ,,,,,
2013000101,2013,1,104.8 ,106.5 ,121.1 ,96.8 ,102.1 ,-1.1 ,0.1 ,104749 ,0.84 ,109.0 ,,,,,
2013000202,2013,2,106.7 ,107.8 ,123.7 ,98.0 ,103.9 ,-2.2 ,-1.3 ,108354 ,0.85 ,106.5 ,,,,,
2013000303,2013,3,108.0 ,109.9 ,122.9 ,96.4 ,109.0 ,-0.3 ,-1.8 ,111959 ,0.87 ,110.4 ,,,,,
2013000404,2013,4,108.0 ,110.2 ,125.6 ,98.7 ,106.5 ,-0.2 ,-0.1 ,113062 ,0.88 ,110.2 ,,,,,
2013000505,2013,5,109.8 ,111.7 ,124.3 ,100.7 ,107.2 ,0.8 ,0.5 ,114165 ,0.90 ,115.0 ,,,,,
2013000606,2013,6,108.5 ,110.6 ,127.5 ,97.3 ,106.5 ,1.6 ,0.1 ,115268 ,0.92 ,110.4 ,,,,,
2013000707,2013,7,110.3 ,113.3 ,125.0 ,98.8 ,108.2 ,-0.3 ,2.0 ,119466 ,0.93 ,111.3 ,,,,,
2013000808,2013,8,110.5 ,113.2 ,127.3 ,99.4 ,109.8 ,1.1 ,0.4 ,123663 ,0.95 ,112.1 ,,,,,
2013000909,2013,9,111.6 ,113.3 ,129.7 ,97.9 ,109.6 ,3.0 ,2.7 ,127861 ,0.96 ,110.2 ,,,,,
2013001010,2013,10,111.9 ,113.4 ,130.2 ,99.6 ,111.8 ,2.4 ,1.8 ,128924 ,0.99 ,109.8 ,,,,,
2013001111,2013,11,112.5 ,114.4 ,134.9 ,100.5 ,112.5 ,4.1 ,2.4 ,129987 ,1.01 ,111.1 ,,,,,
2013001212,2013,12,112.5 ,113.8 ,129.5 ,98.9 ,113.3 ,2.5 ,2.9 ,131050 ,1.03 ,110.5 ,,,,,
2014000101,2014,1,114.7 ,115.1 ,133.2 ,99.4 ,120.5 ,4.4 ,4.4 ,135939 ,1.04 ,108.0 ,,,,,
2014000202,2014,2,113.5 ,113.5 ,131.2 ,98.3 ,115.6 ,3.6 ,2.0 ,140828 ,1.06 ,111.6 ,,,,,
2014000303,2014,3,115.2 ,113.8 ,130.3 ,97.8 ,121.3 ,11.0 ,7.5 ,145717 ,1.07 ,108.9 ,,,,,
2014000404,2014,4,110.1 ,111.7 ,128.7 ,98.7 ,112.1 ,-4.3 ,-3.0 ,139766 ,1.08 ,110.3 ,,,,,
2014000505,2014,5,112.6 ,113.3 ,125.5 ,100.4 ,111.1 ,-0.4 ,-1.3 ,133815 ,1.09 ,110.4 ,,,,,
2014000606,2014,6,110.9 ,111.0 ,121.6 ,98.9 ,112.0 ,-0.6 ,-0.5 ,127864 ,1.09 ,110.5 ,,,,,
2014000707,2014,7,110.6 ,111.8 ,118.6 ,100.6 ,113.2 ,0.6 ,-0.1 ,129966 ,1.10 ,110.9 ,,,,,
2014000808,2014,8,110.0 ,110.6 ,117.2 ,98.6 ,111.3 ,1.2 ,-2.8 ,132067 ,1.10 ,111.2 ,,,,,
2014000909,2014,9,111.3 ,112.8 ,120.3 ,99.7 ,113.7 ,2.3 ,1.3 ,134169 ,1.10 ,112.3 ,,,,,
2014001010,2014,10,111.0 ,112.7 ,115.8 ,101.0 ,113.2 ,1.4 ,-0.1 ,135715 ,1.11 ,114.0 ,,,,,
2014001111,2014,11,111.0 ,112.4 ,116.6 ,98.0 ,112.6 ,0.5 ,-4.1 ,137261 ,1.12 ,111.7 ,,,,,
2014001212,2014,12,110.4 ,112.4 ,115.4 ,99.4 ,111.7 ,0.1 ,-2.0 ,138807 ,1.14 ,113.3 ,,,,,
2015000101,2015,1,113.7 ,114.4 ,118.4 ,100.5 ,119.9 ,-2.0 ,-3.1 ,141215 ,1.15 ,118.3 ,,,,,
2015000202,2015,2,110.3 ,112.3 ,118.1 ,99.4 ,110.1 ,-1.7 ,-4.0 ,143623 ,1.16 ,108.3 ,,,,,
2015000303,2015,3,109.8 ,110.9 ,117.2 ,100.4 ,111.2 ,-9.7 ,-7.7 ,146031 ,1.16 ,112.2 ,,,,,
2015000404,2015,4,110.0 ,111.4 ,115.1 ,100.7 ,111.4 ,4.9 ,1.5 ,148406 ,1.16 ,112.0 ,,,,,
2015000505,2015,5,110.0 ,111.2 ,115.7 ,97.6 ,111.3 ,3.0 ,-4.1 ,150781 ,1.18 ,109.1 ,,,,,
2015000606,2015,6,111.0 ,111.7 ,116.3 ,100.1 ,112.4 ,1.0 ,1.1 ,153156 ,1.19 ,109.4 ,,,,,
2015000707,2015,7,110.9 ,110.8 ,117.0 ,101.2 ,112.6 ,1.8 ,-0.7 ,151905 ,1.20 ,110.1 ,,,,,
2015000808,2015,8,109.0 ,109.4 ,116.2 ,99.7 ,110.3 ,0.8 ,-0.8 ,150653 ,1.22 ,107.7 ,,,,,
2015000909,2015,9,111.2 ,112.9 ,119.7 ,99.8 ,111.3 ,-0.1 ,-2.9 ,149402 ,1.23 ,108.0 ,,,,,
2015001010,2015,10,111.3 ,112.5 ,120.2 ,99.8 ,110.6 ,1.8 ,-1.8 ,148998 ,1.24 ,108.5 ,,,,,
2015001111,2015,11,110.4 ,110.4 ,118.3 ,99.3 ,108.7 ,-1.1 ,-2.2 ,148593 ,1.26 ,109.3 ,,,,,
2015001212,2015,12,108.9 ,108.9 ,116.3 ,100.4 ,107.0 ,-1.1 ,-3.9 ,148189 ,1.27 ,106.9 ,,,,,
2016000101,2016,1,110.6 ,110.6 ,118.9 ,101.6 ,109.6 ,-0.2 ,-6.2 ,146940 ,1.29 ,108.9 ,,,,,
2016000202,2016,2,109.6 ,110.2 ,113.6 ,102.0 ,108.8 ,0.4 ,-4.0 ,145691 ,1.30 ,106.3 ,,,,,
2016000303,2016,3,110.2 ,109.7 ,115.1 ,103.2 ,108.7 ,-1.0 ,-6.8 ,144442 ,1.31 ,108.2 ,,,,,
2016000404,2016,4,109.8 ,110.2 ,116.2 ,101.2 ,109.4 ,-0.9 ,-5.3 ,143405 ,1.33 ,106.2 ,,,,,
2016000505,2016,5,108.9 ,109.4 ,116.9 ,99.1 ,108.2 ,-2.1 ,-6.7 ,142368 ,1.35 ,109.8 ,,,,,
2016000606,2016,6,109.6 ,110.6 ,115.5 ,101.7 ,108.8 ,-1.3 ,-7.3 ,141331 ,1.36 ,110.3 ,,,,,
2016000707,2016,7,110.3 ,111.3 ,120.6 ,100.3 ,109.8 ,-0.2 ,-7.6 ,143130 ,1.36 ,109.2 ,,,,,
2016000808,2016,8,111.1 ,111.8 ,118.2 ,101.2 ,110.2 ,-2.2 ,-3.8 ,144930 ,1.38 ,107.8 ,,,,,
2016000909,2016,9,111.3 ,112.6 ,118.5 ,102.5 ,110.6 ,-1.7 ,-6.0 ,146729 ,1.38 ,112.8 ,,,,,
2016001010,2016,10,111.6 ,113.4 ,122.4 ,100.5 ,111.0 ,-0.2 ,-6.6 ,150828 ,1.40 ,111.5 ,,,,,
2016001111,2016,11,112.7 ,114.5 ,125.2 ,101.5 ,112.3 ,1.7 ,-1.3 ,154926 ,1.41 ,113.8 ,,,,,
2016001212,2016,12,112.7 ,114.8 ,122.1 ,102.3 ,111.4 ,0.7 ,-2.4 ,159025 ,1.42 ,113.8 ,,,,,
2017000101,2017,1,111.5 ,113.8 ,116.5 ,101.6 ,110.6 ,1.0 ,-0.2 ,160343 ,1.43 ,113.6 ,,,,,
2017000202,2017,2,112.3 ,114.1 ,121.2 ,102.5 ,110.2 ,0.2 ,-0.4 ,161661 ,1.45 ,117.0 ,,,,,
2017000303,2017,3,112.2 ,114.7 ,120.3 ,102.5 ,108.2 ,2.1 ,3.2 ,162979 ,1.45 ,115.7 ,,,,,
2017000404,2017,4,115.1 ,116.1 ,128.0 ,102.2 ,112.3 ,3.2 ,0.9 ,162823 ,1.48 ,111.0 ,,,,,
2017000505,2017,5,113.1 ,113.3 ,120.1 ,102.1 ,114.0 ,2.1 ,6.3 ,162666 ,1.49 ,115.9 ,,,,,
2017000606,2017,6,114.2 ,115.9 ,124.2 ,103.5 ,114.5 ,2.2 ,4.4 ,162510 ,1.50 ,116.0 ,,,,,
2017000707,2017,7,113.3 ,115.3 ,121.1 ,101.4 ,112.1 ,1.8 ,3.1 ,163919 ,1.51 ,116.2 ,,,,,
2017000808,2017,8,115.0 ,117.1 ,122.9 ,102.5 ,117.7 ,1.8 ,4.3 ,165329 ,1.52 ,119.0 ,,,,,
2017000909,2017,9,113.8 ,115.3 ,119.8 ,103.6 ,113.7 ,2.3 ,4.0 ,166738 ,1.53 ,117.1 ,,,,,
2017001010,2017,10,114.2 ,114.9 ,119.3 ,102.6 ,115.2 ,-0.2 ,5.1 ,169321 ,1.55 ,116.8 ,,,,,
2017001111,2017,11,115.2 ,117.3 ,121.5 ,103.2 ,117.1 ,2.1 ,5.7 ,171904 ,1.56 ,119.6 ,,,,,
2017001212,2017,12,116.9 ,118.1 ,125.0 ,103.4 ,119.1 ,3.6 ,7.0 ,174487 ,1.58 ,119.2 ,,,,,
2018000101,2018,1,112.3 ,113.0 ,119.1 ,102.8 ,116.0 ,1.5 ,7.1 ,173673 ,1.60 ,124.6 ,,,,,
2018000202,2018,2,114.6 ,116.7 ,124.0 ,102.2 ,114.5 ,1.7 ,4.2 ,172860 ,1.59 ,116.6 ,,,,,
2018000303,2018,3,116.3 ,116.8 ,125.4 ,103.0 ,116.4 ,1.0 ,2.9 ,172046 ,1.59 ,119.6 ,,,,,
2018000404,2018,4,114.5 ,117.2 ,125.3 ,103.5 ,117.5 ,1.5 ,6.6 ,174339 ,1.59 ,121.8 ,,,,,
2018000505,2018,5,115.1 ,116.6 ,124.1 ,106.0 ,116.3 ,0.6 ,6.6 ,176632 ,1.60 ,120.4 ,,,,,
2018000606,2018,6,114.3 ,116.9 ,122.7 ,104.5 ,114.0 ,1.7 ,4.0 ,178925 ,1.62 ,119.5 ,,,,,
2018000707,2018,7,113.8 ,115.0 ,116.2 ,103.8 ,116.2 ,1.5 ,5.6 ,175600 ,1.63 ,118.0 ,,,,,
2018000808,2018,8,114.5 ,116.0 ,120.7 ,105.7 ,117.5 ,2.7 ,4.8 ,172274 ,1.63 ,118.9 ,,,,,
2018000909,2018,9,113.2 ,112.5 ,116.9 ,102.0 ,113.5 ,2.2 ,0.4 ,168949 ,1.64 ,114.9 ,,,,,
2018001010,2018,10,116.1 ,119.6 ,119.8 ,105.1 ,116.5 ,3.6 ,7.2 ,164882 ,1.63 ,118.4 ,,,,,
2018001111,2018,11,115.1 ,115.8 ,119.4 ,107.0 ,114.9 ,1.4 ,3.4 ,160815 ,1.63 ,115.5 ,,,,,
2018001212,2018,12,115.2 ,116.8 ,120.8 ,102.9 ,113.8 ,1.3 ,-1.0 ,156748 ,1.62 ,114.5 ,,,,,
2019000101,2019,1,112.5 ,113.8 ,120.8 ,102.2 ,109.2 ,0.6 ,-1.3 ,167360 ,1.63 ,111.6 ,,,,,
2019000202,2019,2,114.3 ,114.6 ,124.2 ,103.6 ,113.0 ,0.6 ,-1.4 ,177972 ,1.63 ,115.6 ,,,,,
2019000303,2019,3,113.4 ,114.1 ,122.6 ,101.9 ,111.7 ,1.0 ,-2.8 ,188584 ,1.63 ,115.1 ,,,,,
2019000404,2019,4,112.9 ,113.5 ,126.5 ,102.9 ,109.3 ,0.4 ,-0.5 ,179815 ,1.63 ,115.7 ,,,,,
2019000505,2019,5,114.8 ,115.3 ,137.7 ,103.8 ,114.5 ,1.3 ,-3.9 ,171046 ,1.62 ,108.8 ,,,,,
2019000606,2019,6,112.8 ,113.5 ,123.4 ,102.6 ,110.8 ,0.5 ,-4.2 ,162277 ,1.61 ,115.5 ,,,,,
2019000707,2019,7,113.0 ,114.5 ,120.0 ,104.8 ,111.7 ,-2.0 ,-1.3 ,161518 ,1.60 ,117.0 ,,,,,
2019000808,2019,8,111.5 ,112.1 ,122.9 ,104.3 ,113.8 ,1.8 ,-4.7 ,160758 ,1.60 ,112.1 ,,,,,
2019000909,2019,9,113.4 ,111.3 ,120.3 ,102.4 ,119.6 ,9.2 ,2.7 ,159999 ,1.59 ,114.2 ,,,,,
2019001010,2019,10,107.9 ,109.2 ,108.4 ,103.2 ,103.4 ,-7.0 ,-9.5 ,154267 ,1.59 ,111.8 ,,,,,
2019001111,2019,11,107.8 ,108.3 ,113.1 ,103.7 ,102.2 ,-2.1 ,-8.4 ,148535 ,1.57 ,108.8 ,,,,,
2019001212,2019,12,108.2 ,107.4 ,106.1 ,103.3 ,111.9 ,-2.6 ,-6.6 ,142803 ,1.56 ,113.0 ,,,,,
2020000101,2020,1,108.8 ,108.5 ,115.4 ,103.9 ,106.8 ,-0.4 ,-6.2 ,137852 ,1.49 ,109.4 ,,,,,
2020000202,2020,2,105.8 ,107.6 ,111.7 ,103.4 ,104.4 ,1.6 ,-6.3 ,132902 ,1.45 ,109.1 ,,,,,
2020000303,2020,3,105.8 ,107.1 ,106.0 ,101.4 ,101.8 ,-4.7 ,-6.9 ,127951 ,1.39 ,105.4 ,,,,,
2020000404,2020,4,95.2 ,92.7 ,70.9 ,98.6 ,99.7 ,-13.9 ,-17.2 ,102995 ,1.31 ,89.4 ,,,,,
2020000505,2020,5,87.6 ,83.0 ,69.0 ,92.6 ,95.0 ,-12.5 ,-24.7 ,78038 ,1.19 ,80.8 ,,,,,
2020000606,2020,6,89.4 ,85.0 ,83.2 ,97.1 ,97.5 ,-1.3 ,-16.9 ,53082 ,1.12 ,83.7 ,,,,,
2020000707,2020,7,95.3 ,94.7 ,96.0 ,100.1 ,96.0 ,-2.9 ,-17.0 ,70364 ,1.08 ,89.9 ,,,,,
2020000808,2020,8,97.2 ,99.1 ,100.9 ,97.8 ,94.0 ,-1.9 ,-16.5 ,87645 ,1.04 ,98.5 ,,,,,
2020000909,2020,9,100.5 ,102.7 ,109.9 ,100.4 ,95.8 ,-8.7 ,-14.6 ,104927 ,1.04 ,102.5 ,,,,,
2020001010,2020,10,103.6 ,105.4 ,111.4 ,103.4 ,100.2 ,6.4 ,-6.6 ,117033 ,1.04 ,107.1 ,,,,,
2020001111,2020,11,103.7 ,105.4 ,110.8 ,100.6 ,102.5 ,0.6 ,-8.9 ,129138 ,1.05 ,109.1 ,,,,,
2020001212,2020,12,103.2 ,104.6 ,104.6 ,100.8 ,102.1 ,-0.2 ,-4.8 ,141244 ,1.06 ,109.8 ,,,,,
2021000101,2021,1,106.4 ,108.9 ,114.4 ,101.2 ,105.5 ,-2.4 ,-5.5 ,144464 ,1.08 ,113.9 ,,,,,
2021000202,2021,2,105.9 ,107.8 ,106.3 ,100.0 ,107.4 ,-1.5 ,-4.2 ,147684 ,1.09 ,108.3 ,,,,,
2021000303,2021,3,106.5 ,109.3 ,110.1 ,102.8 ,104.2 ,5.2 ,2.2 ,150904 ,1.10 ,114.0 ,,,,,
2021000404,2021,4,108.8 ,111.2 ,108.7 ,103.4 ,110.2 ,11.9 ,11.4 ,150298 ,1.10 ,114.1 ,,,,,
2021000505,2021,5,104.8 ,107.7 ,105.8 ,100.4 ,110.0 ,8.3 ,16.9 ,149691 ,1.11 ,112.2 ,,,,,
2021000606,2021,6,109.0 ,111.6 ,105.6 ,101.9 ,111.0 ,0.1 ,14.6 ,149085 ,1.13 ,113.5 ,,,,,
2021000707,2021,7,107.4 ,111.3 ,102.0 ,102.0 ,108.0 ,2.4 ,12.7 ,147374 ,1.14 ,111.5 ,,,,,
2021000808,2021,8,103.8 ,106.6 ,89.6 ,100.3 ,107.7 ,-3.2 ,11.3 ,145663 ,1.14 ,110.7 ,,,,,
2021000909,2021,9,98.8 ,98.6 ,62.2 ,101.1 ,106.2 ,-0.5 ,8.7 ,143952 ,1.15 ,103.6 ,,,,,
2021001010,2021,10,101.4 ,101.3 ,73.1 ,101.6 ,106.2 ,0.9 ,6.9 ,154270 ,1.15 ,104.8 ,,,,,
2021001111,2021,11,107.0 ,107.7 ,97.4 ,101.9 ,108.7 ,1.9 ,12.3 ,164588 ,1.16 ,110.9 ,,,,,
2021001212,2021,12,105.4 ,107.0 ,99.5 ,102.6 ,108.6 ,1.2 ,8.3 ,174906 ,1.18 ,110.4 ,,,,,
2022000101,2022,1,104.6 ,104.5 ,92.7 ,102.1 ,109.7 ,1.1 ,9.2 ,171815 ,1.20 ,110.5 ,,,,,
2022000202,2022,2,106.0 ,107.0 ,96.8 ,100.6 ,108.0 ,-0.9 ,8.6 ,168725 ,1.21 ,112.0 ,,,,,
2022000303,2022,3,105.7 ,106.6 ,95.9 ,102.4 ,108.5 ,0.7 ,7.2 ,165634 ,1.23 ,112.6 ,,,,,
2022000404,2022,4,105.3 ,106.0 ,94.6 ,103.5 ,111.3 ,3.1 ,6.7 ,166036 ,1.24 ,108.9 ,,,,,
2022000505,2022,5,100.7 ,101.2 ,82.3 ,102.5 ,110.4 ,3.7 ,10.6 ,166439 ,1.25 ,110.5 ,,,,,
2022000606,2022,6,105.7 ,105.0 ,95.3 ,103.9 ,113.2 ,1.5 ,8.8 ,166841 ,1.27 ,111.2 ,,,,,
2022000707,2022,7,106.3 ,105.2 ,98.9 ,102.5 ,115.4 ,2.4 ,5.8 ,165521 ,1.29 ,111.6 ,,,,,
2022000808,2022,8,107.8 ,105.2 ,97.0 ,103.5 ,120.3 ,4.1 ,9.8 ,164200 ,1.31 ,109.6 ,,,,,
2022000909,2022,9,107.3 ,104.1 ,97.5 ,103.5 ,115.0 ,4.8 ,8.5 ,162880 ,1.32 ,109.0 ,,,,,
2022001010,2022,10,105.5 ,104.2 ,96.3 ,102.3 ,113.8 ,4.4 ,5.7 ,165351 ,1.33 ,110.1 ,,,,,
2022001111,2022,11,105.5 ,103.5 ,99.8 ,102.7 ,110.7 ,2.5 ,4.4 ,167822 ,1.35 ,108.2 ,,,,,
2022001212,2022,12,104.9 ,101.8 ,98.7 ,102.8 ,112.4 ,3.8 ,3.6 ,170293 ,1.35 ,103.9 ,,,,,
2023000101,2023,1,101.1 ,100.9 ,100.7 ,102.2 ,104.6 ,5.0 ,1.2 ,173027 ,1.35 ,103.0 ,,,,,
2023000202,2023,2,104.5 ,103.4 ,103.0 ,103.2 ,109.2 ,7.3 ,2.4 ,175762 ,1.34 ,104.5 ,,,,,
2023000303,2023,3,104.9 ,102.9 ,107.3 ,103.2 ,108.7 ,6.9 ,0.8 ,178496 ,1.32 ,103.5 ,,,,,
2023000404,2023,4,105.2 ,102.3 ,108.9 ,103.0 ,107.6 ,5.1 ,-0.7 ,180675 ,1.32 ,106.0 ,,,,,
2023000505,2023,5,104.1 ,101.6 ,112.1 ,105.6 ,108.1 ,5.8 ,1.1 ,182853 ,1.32 ,105.4 ,,,,,
2023000606,2023,6,105.0 ,102.8 ,111.3 ,104.7 ,107.6 ,5.6 ,-1.9 ,185032 ,1.31 ,106.5 ,,,,,
2023000707,2023,7,103.5 ,101.9 ,107.7 ,102.8 ,105.1 ,7.0 ,-0.7 ,189390 ,1.30 ,110.3 ,,,,,
2023000808,2023,8,103.1 ,103.2 ,108.3 ,104.4 ,105.0 ,7.0 ,0.0 ,193747 ,1.30 ,103.2 ,,,,,
2023000909,2023,9,103.2 ,103.3 ,109.1 ,103.8 ,104.2 ,6.2 ,-0.6 ,198105 ,1.29 ,107.9 ,,,,,
2023001010,2023,10,104.4 ,102.7 ,108.2 ,104.0 ,105.2 ,4.1 ,0.6 ,198548 ,1.29 ,107.2 ,,,,,
2023001111,2023,11,103.8 ,103.2 ,108.9 ,103.8 ,103.9 ,5.4 ,-0.7 ,198991 ,1.27 ,101.8 ,,,,,
2023001212,2023,12,105.0 ,103.3 ,110.8 ,103.2 ,108.7 ,2.4 ,0.1 ,199434 ,1.27 ,108.6 ,,,,,
2024000101,2024,1,98.0 ,96.9 ,99.0 ,102.1 ,102.6 ,2.1 ,0.7 ,201918 ,1.27 ,104.2 ,,,,,
2024000202,2024,2,97.4 ,96.0 ,93.4 ,104.4 ,99.7 ,4.7 ,3.0 ,204402 ,1.26 ,99.7 ,,,,,
2024000303,2024,3,101.7 ,97.8 ,97.9 ,101.0 ,104.9 ,1.1 ,-1.7 ,206886 ,1.28 ,103.0 ,,,,,
2024000404,2024,4,100.8 ,97.3 ,100.2 ,102.7 ,106.3 ,2.0 ,5.4 ,211235 ,1.26 ,103.8 ,,,,,
2024000505,2024,5,104.4 ,101.3 ,111.3 ,108.0 ,106.5 ,2.8 ,7.1 ,215585 ,1.24 ,99.5 ,,,,,
2024000606,2024,6,100.0 ,97.7 ,104.6 ,102.0 ,97.1 ,3.8 ,1.7 ,219934 ,1.23 ,101.6 ,,,,,
2024000707,2024,7,103.1 ,101.5 ,104.7 ,104.4 ,103.7 ,2.7 ,9.5 ,,1.24 ,102.8 ,,,,,
2024000808,2024,8,99.7 ,96.6 ,98.9 ,104.6 ,98.6 ,3.1 ,2.1 ,,1.23 ,100.0 ,,,,,
2024000909,2024,9,101.1 ,100.6 ,103.1 ,,98.1 ,0.5 ,0.7 ,,1.24 ,105.1 ,,,,,
,,,,,,,,,,,,,,,,,
,,,(?)?C8????(???)?????????????????????????????????3??????????????????????????(4?6???????6??????????)?,,,,,,,,,,,,,,
,,,"????????????????(3,6,9,12????)?????",,,,,,,,,,,,,,
,,,,,,,,,,,,,,,,,
,,,,,,,,,,,,,,,,,
